activity_set,name,note
ag,"Agriculture, Ag Energy Use, Crop Production, NA, Fuel combustion, Natural gas",FALSE
ag,"Agriculture, Ag Energy Use, Livestock, NA, Fuel combustion, Natural gas",FALSE
ag,"Agriculture, Ag Energy Use, Not Specified, NA, Fuel combustion, Biodiesel",FALSE
ag,"Agriculture, Ag Energy Use, Not Specified, NA, Fuel combustion, Distillate",FALSE
ag,"Agriculture, Ag Energy Use, Not Specified, NA, Fuel combustion, Ethanol",FALSE
ag,"Agriculture, Ag Energy Use, Not Specified, NA, Fuel combustion, Gasoline",FALSE
ag,"Agriculture, Ag Energy Use, Not Specified, NA, Fuel combustion, Kerosene",FALSE
ag,"Agriculture, Ag Energy Use, Not Specified, NA, Fuel combustion, Natural gas",FALSE
ag,"Agriculture, Ag Energy Use, Not Specified, NA, Fuel combustion, Renewable Diesel",FALSE
ag,"Agriculture, Ag Residue Burning, Field Crops, NA, Crop acreage burned, Barley",FALSE
ag,"Agriculture, Ag Residue Burning, Field Crops, NA, Crop acreage burned, Corn",FALSE
ag,"Agriculture, Ag Residue Burning, Field Crops, NA, Crop acreage burned, Rice",FALSE
ag,"Agriculture, Ag Residue Burning, Field Crops, NA, Crop acreage burned, Wheat",FALSE
ag,"Agriculture, Ag Residue Burning, Orchard & Vineyard, NA, Crop acreage burned, Almond",FALSE
ag,"Agriculture, Ag Residue Burning, Orchard & Vineyard, NA, Crop acreage burned, Walnut",FALSE
ag,"Agriculture, Ag Soil Management, Crop Residues, Direct, Nitrogen in crop residues, NA",TRUE
ag,"Agriculture, Ag Soil Management, Fertilizer, Direct, Nitrogen applied in fertilizer, Organic fertilizers",FALSE
ag,"Agriculture, Ag Soil Management, Fertilizer, Direct, Nitrogen applied in fertilizer, Synthetic fertilizers",FALSE
ag,"Agriculture, Ag Soil Management, Fertilizer, Indirect, Nitrogen applied in fertilizer, Organic fertilizers",FALSE
ag,"Agriculture, Ag Soil Management, Fertilizer, Indirect, Nitrogen applied in fertilizer, Synthetic fertilizers",FALSE
ag,"Agriculture, Ag Soil Management, Liming, NA, Dolomite applied to soils, NA",TRUE
ag,"Agriculture, Ag Soil Management, Liming, NA, Limestone applied to soils, NA",TRUE
ag,"Agriculture, Ag Soil Management, Manure, Direct, Nitrogen in managed manure, Beef cattle",FALSE
ag,"Agriculture, Ag Soil Management, Manure, Direct, Nitrogen in managed manure, Dairy cows",FALSE
ag,"Agriculture, Ag Soil Management, Manure, Direct, Nitrogen in managed manure, Dairy heifers",FALSE
ag,"Agriculture, Ag Soil Management, Manure, Direct, Nitrogen in managed manure, Poultry",FALSE
ag,"Agriculture, Ag Soil Management, Manure, Direct, Nitrogen in managed manure, Sheep, goat, horse",FALSE
ag,"Agriculture, Ag Soil Management, Manure, Direct, Nitrogen in managed manure, Swine",FALSE
ag,"Agriculture, Ag Soil Management, Manure, Direct, Nitrogen in unmanaged manure, Beef cattle",FALSE
ag,"Agriculture, Ag Soil Management, Manure, Direct, Nitrogen in unmanaged manure, Dairy cows",FALSE
ag,"Agriculture, Ag Soil Management, Manure, Direct, Nitrogen in unmanaged manure, Dairy heifers",FALSE
ag,"Agriculture, Ag Soil Management, Manure, Direct, Nitrogen in unmanaged manure, Poultry",FALSE
ag,"Agriculture, Ag Soil Management, Manure, Direct, Nitrogen in unmanaged manure, Sheep, goat, horse",FALSE
ag,"Agriculture, Ag Soil Management, Manure, Direct, Nitrogen in unmanaged manure, Swine",FALSE
ag,"Agriculture, Ag Soil Management, Manure, Indirect, Nitrogen in managed manure, Beef cattle",FALSE
ag,"Agriculture, Ag Soil Management, Manure, Indirect, Nitrogen in managed manure, Dairy cows",FALSE
ag,"Agriculture, Ag Soil Management, Manure, Indirect, Nitrogen in managed manure, Dairy heifers",FALSE
ag,"Agriculture, Ag Soil Management, Manure, Indirect, Nitrogen in managed manure, Poultry",FALSE
ag,"Agriculture, Ag Soil Management, Manure, Indirect, Nitrogen in managed manure, Sheep, goat, horse",FALSE
ag,"Agriculture, Ag Soil Management, Manure, Indirect, Nitrogen in managed manure, Swine",FALSE
ag,"Agriculture, Ag Soil Management, Manure, Indirect, Nitrogen in unmanaged manure, Beef cattle",FALSE
ag,"Agriculture, Ag Soil Management, Manure, Indirect, Nitrogen in unmanaged manure, Dairy cows",FALSE
ag,"Agriculture, Ag Soil Management, Manure, Indirect, Nitrogen in unmanaged manure, Dairy heifers",FALSE
ag,"Agriculture, Ag Soil Management, Manure, Indirect, Nitrogen in unmanaged manure, Poultry",FALSE
ag,"Agriculture, Ag Soil Management, Manure, Indirect, Nitrogen in unmanaged manure, Sheep, goat, horse",FALSE
ag,"Agriculture, Ag Soil Management, Manure, Indirect, Nitrogen in unmanaged manure, Swine",FALSE
ag,"Agriculture, Enteric Fermentation, Cattle, NA, Livestock population, Beef calves",FALSE
ag,"Agriculture, Enteric Fermentation, Cattle, NA, Livestock population, Beef cows",FALSE
ag,"Agriculture, Enteric Fermentation, Cattle, NA, Livestock population, Beef replacements 0-12 months",FALSE
ag,"Agriculture, Enteric Fermentation, Cattle, NA, Livestock population, Beef replacements 12-24 months",FALSE
ag,"Agriculture, Enteric Fermentation, Cattle, NA, Livestock population, Bulls",FALSE
ag,"Agriculture, Enteric Fermentation, Cattle, NA, Livestock population, Dairy calves",FALSE
ag,"Agriculture, Enteric Fermentation, Cattle, NA, Livestock population, Dairy cows",FALSE
ag,"Agriculture, Enteric Fermentation, Cattle, NA, Livestock population, Dairy replacements 0-12 months",FALSE
ag,"Agriculture, Enteric Fermentation, Cattle, NA, Livestock population, Dairy replacements 12-24 months",FALSE
ag,"Agriculture, Enteric Fermentation, Cattle, NA, Livestock population, Heifer feedlot",FALSE
ag,"Agriculture, Enteric Fermentation, Cattle, NA, Livestock population, Heifer stockers",FALSE
ag,"Agriculture, Enteric Fermentation, Cattle, NA, Livestock population, Steer feedlot",FALSE
ag,"Agriculture, Enteric Fermentation, Cattle, NA, Livestock population, Steer stockers",FALSE
ag,"Agriculture, Enteric Fermentation, Other Livestock, NA, Livestock population, Goats",FALSE
ag,"Agriculture, Enteric Fermentation, Other Livestock, NA, Livestock population, Horses",FALSE
ag,"Agriculture, Enteric Fermentation, Other Livestock, NA, Livestock population, Sheep",FALSE
ag,"Agriculture, Enteric Fermentation, Other Livestock, NA, Livestock population, Swine",FALSE
ag,"Agriculture, Histosol Cultivation, Not Specified, Direct, Drained histosols, NA",TRUE
ag,"Agriculture, Manure Management, Cattle, Anaerobic digester, Livestock population, Dairy cows",FALSE
ag,"Agriculture, Manure Management, Cattle, Anaerobic lagoon, Livestock population, Dairy cows",FALSE
ag,"Agriculture, Manure Management, Cattle, Daily spread, Livestock population, Dairy cows",FALSE
ag,"Agriculture, Manure Management, Cattle, Daily spread, Livestock population, Dairy heifers",FALSE
ag,"Agriculture, Manure Management, Cattle, Deep pit, Livestock population, Dairy cows",FALSE
ag,"Agriculture, Manure Management, Cattle, Dry lot, Livestock population, Dairy heifers",FALSE
ag,"Agriculture, Manure Management, Cattle, Dry lot, Livestock population, Feedlot - heifers 500+ lbs",FALSE
ag,"Agriculture, Manure Management, Cattle, Dry lot, Livestock population, Feedlot - steers 500+ lbs",FALSE
ag,"Agriculture, Manure Management, Cattle, Liquid/slurry, Livestock population, Dairy cows",FALSE
ag,"Agriculture, Manure Management, Cattle, Liquid/slurry, Livestock population, Dairy heifers",FALSE
ag,"Agriculture, Manure Management, Cattle, Liquid/slurry, Livestock population, Feedlot - heifers 500+ lbs",FALSE
ag,"Agriculture, Manure Management, Cattle, Liquid/slurry, Livestock population, Feedlot - steers 500+ lbs",FALSE
ag,"Agriculture, Manure Management, Cattle, Pasture, Livestock population, Dairy cows",FALSE
ag,"Agriculture, Manure Management, Cattle, Pasture, Livestock population, Dairy heifers",FALSE
ag,"Agriculture, Manure Management, Cattle, Pasture, Livestock population, Not on feed - beef cows",FALSE
ag,"Agriculture, Manure Management, Cattle, Pasture, Livestock population, Not on feed - bulls 500+ lbs",FALSE
ag,"Agriculture, Manure Management, Cattle, Pasture, Livestock population, Not on feed - calves <500 lbs",FALSE
ag,"Agriculture, Manure Management, Cattle, Pasture, Livestock population, Not on feed - heifers 500+ lbs",FALSE
ag,"Agriculture, Manure Management, Cattle, Pasture, Livestock population, Not on feed - steers 500+ lbs",FALSE
ag,"Agriculture, Manure Management, Cattle, Solid storage, Livestock population, Dairy cows",FALSE
ag,"Agriculture, Manure Management, Other Livestock, Dry lot, Livestock population, Goats",FALSE
ag,"Agriculture, Manure Management, Other Livestock, Dry lot, Livestock population, Horses",FALSE
ag,"Agriculture, Manure Management, Other Livestock, Dry lot, Livestock population, Sheep",FALSE
ag,"Agriculture, Manure Management, Other Livestock, Pasture, Livestock population, Goats",FALSE
ag,"Agriculture, Manure Management, Other Livestock, Pasture, Livestock population, Horses",FALSE
ag,"Agriculture, Manure Management, Other Livestock, Pasture, Livestock population, Sheep",FALSE
ag,"Agriculture, Manure Management, Poultry, Anaerobic lagoon, Livestock population, Hens 1+ yr",FALSE
ag,"Agriculture, Manure Management, Poultry, Anaerobic lagoon, Livestock population, Other chickens",FALSE
ag,"Agriculture, Manure Management, Poultry, Anaerobic lagoon, Livestock population, Pullets",FALSE
ag,"Agriculture, Manure Management, Poultry, Pasture, Livestock population, Broilers",FALSE
ag,"Agriculture, Manure Management, Poultry, Pasture, Livestock population, Turkeys",FALSE
ag,"Agriculture, Manure Management, Poultry, Poultry with bedding, Livestock population, Broilers",FALSE
ag,"Agriculture, Manure Management, Poultry, Poultry with bedding, Livestock population, Turkeys",FALSE
ag,"Agriculture, Manure Management, Poultry, Poultry without bedding, Livestock population, Hens 1+ yr",FALSE
ag,"Agriculture, Manure Management, Poultry, Poultry without bedding, Livestock population, Other chickens",FALSE
ag,"Agriculture, Manure Management, Poultry, Poultry without bedding, Livestock population, Pullets",FALSE
ag,"Agriculture, Manure Management, Swine, Anaerobic digester, Livestock population, Swine - breeding",FALSE
ag,"Agriculture, Manure Management, Swine, Anaerobic digester, Livestock population, Swine - market < 50 lbs",FALSE
ag,"Agriculture, Manure Management, Swine, Anaerobic digester, Livestock population, Swine - market 120-179 lbs",FALSE
ag,"Agriculture, Manure Management, Swine, Anaerobic digester, Livestock population, Swine - market 180+ lbs",FALSE
ag,"Agriculture, Manure Management, Swine, Anaerobic digester, Livestock population, Swine - market 50-119 lbs",FALSE
ag,"Agriculture, Manure Management, Swine, Anaerobic lagoon, Livestock population, Swine - breeding",FALSE
ag,"Agriculture, Manure Management, Swine, Anaerobic lagoon, Livestock population, Swine - market < 50 lbs",FALSE
ag,"Agriculture, Manure Management, Swine, Anaerobic lagoon, Livestock population, Swine - market 120-179 lbs",FALSE
ag,"Agriculture, Manure Management, Swine, Anaerobic lagoon, Livestock population, Swine - market 180+ lbs",FALSE
ag,"Agriculture, Manure Management, Swine, Anaerobic lagoon, Livestock population, Swine - market 50-119 lbs",FALSE
ag,"Agriculture, Manure Management, Swine, Deep pit, Livestock population, Swine - breeding",FALSE
ag,"Agriculture, Manure Management, Swine, Deep pit, Livestock population, Swine - market < 50 lbs",FALSE
ag,"Agriculture, Manure Management, Swine, Deep pit, Livestock population, Swine - market 120-179 lbs",FALSE
ag,"Agriculture, Manure Management, Swine, Deep pit, Livestock population, Swine - market 180+ lbs",FALSE
ag,"Agriculture, Manure Management, Swine, Deep pit, Livestock population, Swine - market 50-119 lbs",FALSE
ag,"Agriculture, Manure Management, Swine, Liquid/slurry, Livestock population, Swine - breeding",FALSE
ag,"Agriculture, Manure Management, Swine, Liquid/slurry, Livestock population, Swine - market < 50 lbs",FALSE
ag,"Agriculture, Manure Management, Swine, Liquid/slurry, Livestock population, Swine - market 120-179 lbs",FALSE
ag,"Agriculture, Manure Management, Swine, Liquid/slurry, Livestock population, Swine - market 180+ lbs",FALSE
ag,"Agriculture, Manure Management, Swine, Liquid/slurry, Livestock population, Swine - market 50-119 lbs",FALSE
ag,"Agriculture, Manure Management, Swine, Pasture, Livestock population, Swine - breeding",FALSE
ag,"Agriculture, Manure Management, Swine, Pasture, Livestock population, Swine - market < 50 lbs",FALSE
ag,"Agriculture, Manure Management, Swine, Pasture, Livestock population, Swine - market 120-179 lbs",FALSE
ag,"Agriculture, Manure Management, Swine, Pasture, Livestock population, Swine - market 180+ lbs",FALSE
ag,"Agriculture, Manure Management, Swine, Pasture, Livestock population, Swine - market 50-119 lbs",FALSE
ag,"Agriculture, Manure Management, Swine, Solid storage, Livestock population, Swine - breeding",FALSE
ag,"Agriculture, Manure Management, Swine, Solid storage, Livestock population, Swine - market < 50 lbs",FALSE
ag,"Agriculture, Manure Management, Swine, Solid storage, Livestock population, Swine - market 120-179 lbs",FALSE
ag,"Agriculture, Manure Management, Swine, Solid storage, Livestock population, Swine - market 180+ lbs",FALSE
ag,"Agriculture, Manure Management, Swine, Solid storage, Livestock population, Swine - market 50-119 lbs",FALSE
ag,"Agriculture, Rice Cultivation, Field Crops, NA, Rice crop area, NA",TRUE
commercial_petroleum,"Commercial, CHP: Commercial, Useful Thermal Output, NA, Fuel combustion, Biodiesel_611310",FALSE
commercial_petroleum,"Commercial, CHP: Commercial, Useful Thermal Output, NA, Fuel combustion, Biodiesel_622110",FALSE
commercial_petroleum,"Commercial, CHP: Commercial, Useful Thermal Output, NA, Fuel combustion, Biodiesel_921190",FALSE
commercial_petroleum,"Commercial, CHP: Commercial, Useful Thermal Output, NA, Fuel combustion, Biodiesel_922140",FALSE
commercial_petroleum,"Commercial, CHP: Commercial, Useful Thermal Output, NA, Fuel combustion, Biodiesel_928110",FALSE
commercial_petroleum,"Commercial, CHP: Commercial, Useful Thermal Output, NA, Fuel combustion, Biodiesel_541990",FALSE
commercial_petroleum,"Commercial, CHP: Commercial, Useful Thermal Output, NA, Fuel combustion, Biodiesel_488119",FALSE
commercial_gas,"Commercial, CHP: Commercial, Useful Thermal Output, NA, Fuel combustion, Biomethane_611310",FALSE
commercial_gas,"Commercial, CHP: Commercial, Useful Thermal Output, NA, Fuel combustion, Biomethane_622110",FALSE
commercial_gas,"Commercial, CHP: Commercial, Useful Thermal Output, NA, Fuel combustion, Biomethane_921190",FALSE
commercial_gas,"Commercial, CHP: Commercial, Useful Thermal Output, NA, Fuel combustion, Biomethane_922140",FALSE
commercial_gas,"Commercial, CHP: Commercial, Useful Thermal Output, NA, Fuel combustion, Biomethane_928110",FALSE
commercial_gas,"Commercial, CHP: Commercial, Useful Thermal Output, NA, Fuel combustion, Biomethane_541990",FALSE
commercial_gas,"Commercial, CHP: Commercial, Useful Thermal Output, NA, Fuel combustion, Biomethane_488119",FALSE
commercial_petroleum,"Commercial, CHP: Commercial, Useful Thermal Output, NA, Fuel combustion, Crude oil_611310",FALSE
commercial_petroleum,"Commercial, CHP: Commercial, Useful Thermal Output, NA, Fuel combustion, Crude oil_622110",FALSE
commercial_petroleum,"Commercial, CHP: Commercial, Useful Thermal Output, NA, Fuel combustion, Crude oil_921190",FALSE
commercial_petroleum,"Commercial, CHP: Commercial, Useful Thermal Output, NA, Fuel combustion, Crude oil_922140",FALSE
commercial_petroleum,"Commercial, CHP: Commercial, Useful Thermal Output, NA, Fuel combustion, Crude oil_928110",FALSE
commercial_petroleum,"Commercial, CHP: Commercial, Useful Thermal Output, NA, Fuel combustion, Crude oil_541990",FALSE
commercial_petroleum,"Commercial, CHP: Commercial, Useful Thermal Output, NA, Fuel combustion, Crude oil_488119",FALSE
commercial_gas,"Commercial, CHP: Commercial, Useful Thermal Output, NA, Fuel combustion, Digester gas_611310",FALSE
commercial_gas,"Commercial, CHP: Commercial, Useful Thermal Output, NA, Fuel combustion, Digester gas_622110",FALSE
commercial_gas,"Commercial, CHP: Commercial, Useful Thermal Output, NA, Fuel combustion, Digester gas_921190",FALSE
commercial_gas,"Commercial, CHP: Commercial, Useful Thermal Output, NA, Fuel combustion, Digester gas_922140",FALSE
commercial_gas,"Commercial, CHP: Commercial, Useful Thermal Output, NA, Fuel combustion, Digester gas_928110",FALSE
commercial_gas,"Commercial, CHP: Commercial, Useful Thermal Output, NA, Fuel combustion, Digester gas_541990",FALSE
commercial_gas,"Commercial, CHP: Commercial, Useful Thermal Output, NA, Fuel combustion, Digester gas_488119",FALSE
commercial_petroleum,"Commercial, CHP: Commercial, Useful Thermal Output, NA, Fuel combustion, Distillate_611310",FALSE
commercial_petroleum,"Commercial, CHP: Commercial, Useful Thermal Output, NA, Fuel combustion, Distillate_622110",FALSE
commercial_petroleum,"Commercial, CHP: Commercial, Useful Thermal Output, NA, Fuel combustion, Distillate_921190",FALSE
commercial_petroleum,"Commercial, CHP: Commercial, Useful Thermal Output, NA, Fuel combustion, Distillate_922140",FALSE
commercial_petroleum,"Commercial, CHP: Commercial, Useful Thermal Output, NA, Fuel combustion, Distillate_928110",FALSE
commercial_petroleum,"Commercial, CHP: Commercial, Useful Thermal Output, NA, Fuel combustion, Distillate_541990",FALSE
commercial_petroleum,"Commercial, CHP: Commercial, Useful Thermal Output, NA, Fuel combustion, Distillate_488119",FALSE
commercial_petroleum,"Commercial, CHP: Commercial, Useful Thermal Output, NA, Fuel combustion, Jet fuel_611310",FALSE
commercial_petroleum,"Commercial, CHP: Commercial, Useful Thermal Output, NA, Fuel combustion, Jet fuel_622110",FALSE
commercial_petroleum,"Commercial, CHP: Commercial, Useful Thermal Output, NA, Fuel combustion, Jet fuel_921190",FALSE
commercial_petroleum,"Commercial, CHP: Commercial, Useful Thermal Output, NA, Fuel combustion, Jet fuel_922140",FALSE
commercial_petroleum,"Commercial, CHP: Commercial, Useful Thermal Output, NA, Fuel combustion, Jet fuel_928110",FALSE
commercial_petroleum,"Commercial, CHP: Commercial, Useful Thermal Output, NA, Fuel combustion, Jet fuel_541990",FALSE
commercial_petroleum,"Commercial, CHP: Commercial, Useful Thermal Output, NA, Fuel combustion, Jet fuel_488119",FALSE
commercial_petroleum,"Commercial, CHP: Commercial, Useful Thermal Output, NA, Fuel combustion, Kerosene_611310",FALSE
commercial_petroleum,"Commercial, CHP: Commercial, Useful Thermal Output, NA, Fuel combustion, Kerosene_622110",FALSE
commercial_petroleum,"Commercial, CHP: Commercial, Useful Thermal Output, NA, Fuel combustion, Kerosene_921190",FALSE
commercial_petroleum,"Commercial, CHP: Commercial, Useful Thermal Output, NA, Fuel combustion, Kerosene_922140",FALSE
commercial_petroleum,"Commercial, CHP: Commercial, Useful Thermal Output, NA, Fuel combustion, Kerosene_928110",FALSE
commercial_petroleum,"Commercial, CHP: Commercial, Useful Thermal Output, NA, Fuel combustion, Kerosene_541990",FALSE
commercial_petroleum,"Commercial, CHP: Commercial, Useful Thermal Output, NA, Fuel combustion, Kerosene_488119",FALSE
commercial_gas,"Commercial, CHP: Commercial, Useful Thermal Output, NA, Fuel combustion, Landfill gas_611310",FALSE
commercial_gas,"Commercial, CHP: Commercial, Useful Thermal Output, NA, Fuel combustion, Landfill gas_622110",FALSE
commercial_gas,"Commercial, CHP: Commercial, Useful Thermal Output, NA, Fuel combustion, Landfill gas_921190",FALSE
commercial_gas,"Commercial, CHP: Commercial, Useful Thermal Output, NA, Fuel combustion, Landfill gas_922140",FALSE
commercial_gas,"Commercial, CHP: Commercial, Useful Thermal Output, NA, Fuel combustion, Landfill gas_928110",FALSE
commercial_gas,"Commercial, CHP: Commercial, Useful Thermal Output, NA, Fuel combustion, Landfill gas_541990",FALSE
commercial_gas,"Commercial, CHP: Commercial, Useful Thermal Output, NA, Fuel combustion, Landfill gas_488119",FALSE
commercial_gas,"Commercial, CHP: Commercial, Useful Thermal Output, NA, Fuel combustion, Natural gas_611310",FALSE
commercial_gas,"Commercial, CHP: Commercial, Useful Thermal Output, NA, Fuel combustion, Natural gas_622110",FALSE
commercial_gas,"Commercial, CHP: Commercial, Useful Thermal Output, NA, Fuel combustion, Natural gas_921190",FALSE
commercial_gas,"Commercial, CHP: Commercial, Useful Thermal Output, NA, Fuel combustion, Natural gas_922140",FALSE
commercial_gas,"Commercial, CHP: Commercial, Useful Thermal Output, NA, Fuel combustion, Natural gas_928110",FALSE
commercial_gas,"Commercial, CHP: Commercial, Useful Thermal Output, NA, Fuel combustion, Natural gas_541990",FALSE
commercial_gas,"Commercial, CHP: Commercial, Useful Thermal Output, NA, Fuel combustion, Natural gas_488119",FALSE
commercial_petroleum,"Commercial, CHP: Commercial, Useful Thermal Output, NA, Fuel combustion, Propane_611310",FALSE
commercial_petroleum,"Commercial, CHP: Commercial, Useful Thermal Output, NA, Fuel combustion, Propane_622110",FALSE
commercial_petroleum,"Commercial, CHP: Commercial, Useful Thermal Output, NA, Fuel combustion, Propane_921190",FALSE
commercial_petroleum,"Commercial, CHP: Commercial, Useful Thermal Output, NA, Fuel combustion, Propane_922140",FALSE
commercial_petroleum,"Commercial, CHP: Commercial, Useful Thermal Output, NA, Fuel combustion, Propane_928110",FALSE
commercial_petroleum,"Commercial, CHP: Commercial, Useful Thermal Output, NA, Fuel combustion, Propane_541990",FALSE
commercial_petroleum,"Commercial, CHP: Commercial, Useful Thermal Output, NA, Fuel combustion, Propane_488119",FALSE
commercial_petroleum,"Commercial, CHP: Commercial, Useful Thermal Output, NA, Fuel combustion, Renewable Diesel_611310",FALSE
commercial_petroleum,"Commercial, CHP: Commercial, Useful Thermal Output, NA, Fuel combustion, Renewable Diesel_622110",FALSE
commercial_petroleum,"Commercial, CHP: Commercial, Useful Thermal Output, NA, Fuel combustion, Renewable Diesel_921190",FALSE
commercial_petroleum,"Commercial, CHP: Commercial, Useful Thermal Output, NA, Fuel combustion, Renewable Diesel_922140",FALSE
commercial_petroleum,"Commercial, CHP: Commercial, Useful Thermal Output, NA, Fuel combustion, Renewable Diesel_928110",FALSE
commercial_petroleum,"Commercial, CHP: Commercial, Useful Thermal Output, NA, Fuel combustion, Renewable Diesel_541990",FALSE
commercial_petroleum,"Commercial, CHP: Commercial, Useful Thermal Output, NA, Fuel combustion, Renewable Diesel_488119",FALSE
commercial_gas,"Commercial, Communication, Other Message Communications, NA, Fuel combustion, Natural gas_512",FALSE
commercial_gas,"Commercial, Communication, Other Message Communications, NA, Fuel combustion, Natural gas_519",FALSE
commercial_gas,"Commercial, Communication, Other Message Communications, NA, Fuel combustion, Natural gas_492",FALSE
commercial_gas,"Commercial, Communication, Other Message Communications, NA, Fuel combustion, Natural gas_518",FALSE
commercial_gas,"Commercial, Communication, Radio Broadcasting Stations, NA, Fuel combustion, Natural gas",FALSE
commercial_gas,"Commercial, Communication, Telephone & Cell Phone Services, NA, Fuel combustion, Natural gas",FALSE
commercial_gas,"Commercial, Communication, U.S. Postal Service, NA, Fuel combustion, Natural gas",FALSE
commercial_gas,"Commercial, Domestic Utilities, Sewerage Systems, NA, Fuel combustion, Natural gas",FALSE
commercial_gas,"Commercial, Domestic Utilities, Water Supply, NA, Fuel combustion, Natural gas",FALSE
commercial_gas,"Commercial, Education, College, NA, Fuel combustion, Natural gas",FALSE
commercial_gas,"Commercial, Education, School, NA, Fuel combustion, Natural gas",FALSE
commercial_gas,"Commercial, Food Services, Food & Liquor, NA, Fuel combustion, Natural gas",FALSE
commercial_gas,"Commercial, Food Services, Restaurant, NA, Fuel combustion, Natural gas",FALSE
commercial_gas,"Commercial, Health Care, Not Specified, NA, Fuel combustion, Natural gas",FALSE
commercial_gas,"Commercial, Hotels, Not Specified, NA, Fuel combustion, Natural gas_7211",FALSE
commercial_gas,"Commercial, Hotels, Not Specified, NA, Fuel combustion, Natural gas_7213",FALSE
commercial_other,"Commercial, Landscape, Fertilizer, Direct, Commercial use of nitrogen fertilizer on turf, Synthetic fertilizers",FALSE
commercial_other,"Commercial, Landscape, Fertilizer, Indirect, Commercial use of nitrogen fertilizer on turf, Synthetic fertilizers",FALSE
commercial_gas,"Commercial, National Security, Not Specified, NA, Fuel combustion, Natural gas",FALSE
commercial_petroleum,"Commercial, Not Specified, Not Specified, NA, Fuel combustion, Biodiesel",FALSE
commercial_coal,"Commercial, Not Specified, Not Specified, NA, Fuel combustion, Coal",FALSE
commercial_petroleum,"Commercial, Not Specified, Not Specified, NA, Fuel combustion, Distillate",FALSE
commercial_petroleum,"Commercial, Not Specified, Not Specified, NA, Fuel combustion, Ethanol",FALSE
commercial_petroleum,"Commercial, Not Specified, Not Specified, NA, Fuel combustion, Gasoline",FALSE
commercial_petroleum,"Commercial, Not Specified, Not Specified, NA, Fuel combustion, Kerosene",FALSE
commercial_petroleum,"Commercial, Not Specified, Not Specified, NA, Fuel combustion, LPG",FALSE
commercial_gas,"Commercial, Not Specified, Not Specified, NA, Fuel combustion, Natural gas_81",FALSE
commercial_gas,"Commercial, Not Specified, Not Specified, NA, Fuel combustion, Natural gas_71",FALSE
commercial_gas,"Commercial, Not Specified, Not Specified, NA, Fuel combustion, Natural gas_92",FALSE
commercial_gas,"Commercial, Not Specified, Not Specified, NA, Fuel combustion, Natural gas_56",FALSE
commercial_petroleum,"Commercial, Not Specified, Not Specified, NA, Fuel combustion, Renewable Diesel",FALSE
commercial_petroleum,"Commercial, Not Specified, Not Specified, NA, Fuel combustion, Residual fuel oil",FALSE
commercial_wood,"Commercial, Not Specified, Not Specified, NA, Fuel combustion, Wood (wet)",FALSE
commercial_coal,"Commercial, Not Specified, Not Specified, NA, Fuel storage, Coal",FALSE
commercial_other,"Commercial, Not Specified, Not Specified, NA, Use of substitutes for ozone depleting substances, Aerosols",FALSE
commercial_other,"Commercial, Not Specified, Not Specified, NA, Use of substitutes for ozone depleting substances, Fire Protection",FALSE
commercial_other,"Commercial, Not Specified, Not Specified, NA, Use of substitutes for ozone depleting substances, Foams",FALSE
commercial_other,"Commercial, Not Specified, Not Specified, NA, Use of substitutes for ozone depleting substances, Refrigeration and Air Conditioning",FALSE
commercial_gas,"Commercial, Offices, Not Specified, NA, Fuel combustion, Natural gas",FALSE
commercial_gas,"Commercial, Retail & Wholesale, Refrigerated Warehousing, NA, Fuel combustion, Natural gas_4244",FALSE
commercial_gas,"Commercial, Retail & Wholesale, Refrigerated Warehousing, NA, Fuel combustion, Natural gas_493",FALSE
commercial_gas,"Commercial, Retail & Wholesale, Refrigerated Warehousing, NA, Fuel combustion, Natural gas_4224",FALSE
commercial_gas,"Commercial, Retail & Wholesale, Retail, NA, Fuel combustion, Natural gas",FALSE
commercial_gas,"Commercial, Retail & Wholesale, Warehousing, NA, Fuel combustion, Natural gas",FALSE
commercial_gas,"Commercial, Transportation Services, Airports, NA, Fuel combustion, Natural gas",FALSE
commercial_gas,"Commercial, Transportation Services, Transportation, NA, Fuel combustion, Natural gas",FALSE
commercial_gas,"Commercial, Transportation Services, Water Transportation, NA, Fuel combustion, Natural gas_4883",FALSE
commercial_gas,"Commercial, Transportation Services, Water Transportation, NA, Fuel combustion, Natural gas_483",FALSE
commercial_gas,"Commercial, Transportation Services, Water Transportation, NA, Fuel combustion, Natural gas_487210",FALSE
direct,"Electricity Generation (Imports), Specified Imports, Arizona, Agua Fria Generating Station (AZ), Electricity generation, Primary fuel: Natural Gas",FALSE
direct,"Electricity Generation (Imports), Specified Imports, Arizona, Aligned Microgrid (AZ), Electricity generation, Distillate",FALSE
direct,"Electricity Generation (Imports), Specified Imports, Arizona, Apache Generating Station (AZ), Electricity generation, Primary fuel: Coal",FALSE
direct,"Electricity Generation (Imports), Specified Imports, Arizona, Apache Generating Station (AZ), Electricity generation, Primary fuel: Natural Gas",FALSE
direct,"Electricity Generation (Imports), Specified Imports, Arizona, Arlington Valley Energy Facility (AZ), Electricity generation, Primary fuel: Natural Gas",FALSE
direct,"Electricity Generation (Imports), Specified Imports, Arizona, Black Mountain Generating Station (AZ), Electricity generation, Primary fuel: Natural Gas",FALSE
direct,"Electricity Generation (Imports), Specified Imports, Arizona, Cholla Power Station (AZ), Electricity generation, Primary fuel: Coal",FALSE
direct,"Electricity Generation (Imports), Specified Imports, Arizona, Coolidge Generation Station (AZ), Electricity generation, Primary fuel: Natural Gas",FALSE
direct,"Electricity Generation (Imports), Specified Imports, Arizona, Coronado Generating Station (AZ), Electricity generation, Primary fuel: Coal",FALSE
direct,"Electricity Generation (Imports), Specified Imports, Arizona, CSE Arizona Facility (AZ), Electricity generation, Primary Fuel: Digester Gas",FALSE
direct,"Electricity Generation (Imports), Specified Imports, Arizona, Desert Basin Generating Station (AZ), Electricity generation, Primary fuel: Natural Gas",FALSE
direct,"Electricity Generation (Imports), Specified Imports, Arizona, Gila River Power Station - All Blocks (AZ), Electricity generation, Primary fuel: Natural Gas",FALSE
direct,"Electricity Generation (Imports), Specified Imports, Arizona, Gila River Power Station - Block 1 (AZ), Electricity generation, Primary fuel: Natural Gas",FALSE
direct,"Electricity Generation (Imports), Specified Imports, Arizona, Gila River Power Station - Block 2 (AZ), Electricity generation, Primary fuel: Natural Gas",FALSE
direct,"Electricity Generation (Imports), Specified Imports, Arizona, Gila River Power Station - Block 3 (AZ), Electricity generation, Primary fuel: Natural Gas",FALSE
direct,"Electricity Generation (Imports), Specified Imports, Arizona, Gila River Power Station - Block 4 (AZ), Electricity generation, Primary fuel: Natural Gas",FALSE
direct,"Electricity Generation (Imports), Specified Imports, Arizona, Griffith Energy (AZ), Electricity generation, Primary fuel: Natural Gas",FALSE
direct,"Electricity Generation (Imports), Specified Imports, Arizona, H. Wilson Sundt Generating Station (fka Irvington Generating Station) (AZ), Electricity generation, Primary fuel: Natural Gas",FALSE
direct,"Electricity Generation (Imports), Specified Imports, Arizona, Harquahala Generating Project (AZ), Electricity generation, Primary fuel: Natural Gas",FALSE
direct,"Electricity Generation (Imports), Specified Imports, Arizona, Kyrene Generating Station (AZ), Electricity generation, Primary fuel: Natural Gas",FALSE
direct,"Electricity Generation (Imports), Specified Imports, Arizona, MCAS Yuma Microgrid MCGX02 (AZ), Electricity generation, Distillate",FALSE
direct,"Electricity Generation (Imports), Specified Imports, Arizona, Mesquite Generating Station - All Blocks (AZ), Electricity generation, Primary fuel: Natural Gas",FALSE
direct,"Electricity Generation (Imports), Specified Imports, Arizona, Mesquite Generating Station - Block 1 (AZ), Electricity generation, Primary fuel: Natural Gas",FALSE
direct,"Electricity Generation (Imports), Specified Imports, Arizona, Mesquite Generating Station - Block 2 (AZ), Electricity generation, Primary fuel: Natural Gas",FALSE
direct,"Electricity Generation (Imports), Specified Imports, Arizona, Navajo Generating Station (AZ), Electricity generation, Primary fuel: Coal",FALSE
direct,"Electricity Generation (Imports), Specified Imports, Arizona, North Loop Generating Station (AZ), Electricity generation, Primary fuel: Natural Gas",FALSE
direct,"Electricity Generation (Imports), Specified Imports, Arizona, Ocotillo (AZ), Electricity generation, Primary fuel: Natural Gas",FALSE
direct,"Electricity Generation (Imports), Specified Imports, Arizona, Red Hawk Power Station CC Natural Gas (AZ), Electricity generation, Primary fuel: Natural Gas",FALSE
direct,"Electricity Generation (Imports), Specified Imports, Arizona, Saguaro (AZ), Electricity generation, Primary fuel: Natural Gas",FALSE
direct,"Electricity Generation (Imports), Specified Imports, Arizona, Santan Generating Station (AZ), Electricity generation, Primary fuel: Natural Gas",FALSE
direct,"Electricity Generation (Imports), Specified Imports, Arizona, South Point Energy Center (AZ), Electricity generation, Primary fuel: Natural Gas",FALSE
direct,"Electricity Generation (Imports), Specified Imports, Arizona, Springerville Generating Station (AZ), Electricity generation, Primary fuel: Coal",FALSE
direct,"Electricity Generation (Imports), Specified Imports, Arizona, Stotz Southern Generation (AZ), Electricity generation, Primary Fuel: Digester Gas",FALSE
direct,"Electricity Generation (Imports), Specified Imports, Arizona, Sundance (AZ), Electricity generation, Primary fuel: Natural Gas",FALSE
direct,"Electricity Generation (Imports), Specified Imports, Arizona, Valencia Power Plant (AZ), Electricity generation, Primary fuel: Natural Gas",FALSE
direct,"Electricity Generation (Imports), Specified Imports, Arizona, West Phoenix (AZ), Electricity generation, Primary fuel: Natural Gas",FALSE
direct,"Electricity Generation (Imports), Specified Imports, Arizona, Yucca (AZ), Electricity generation, Primary fuel: Natural Gas",FALSE
direct,"Electricity Generation (Imports), Specified Imports, Arizona, Yuma Cogen Associates (AZ), Electricity generation, Primary fuel: Natural Gas",FALSE
direct,"Electricity Generation (Imports), Specified Imports, California Tribal, Desert View Power (CA Tribal), Electricity generation, Primary fuel: Biomass",FALSE
direct,"Electricity Generation (Imports), Specified Imports, Canada, Armstrong Woodwaste Cogeneration (CAN), Electricity generation, Primary fuel: Biomass",FALSE
direct,"Electricity Generation (Imports), Specified Imports, Canada, Powell River Generation (Catalyst Paper) (CAN), Electricity generation, Primary fuel: Biomass",FALSE
direct,"Electricity Generation (Imports), Specified Imports, Canada, Prince George Pulp & Paper (CAN), Electricity generation, Primary fuel: Biomass",FALSE
direct,"Electricity Generation (Imports), Specified Imports, Colorado, Craig (CO), Electricity generation, Primary fuel: Coal",FALSE
direct,"Electricity Generation (Imports), Specified Imports, Colorado, Rawhide Unit (CO), Electricity generation, Primary fuel: Coal",FALSE
direct,"Electricity Generation (Imports), Specified Imports, Idaho, Bennett Mountain Power (ID), Electricity generation, Primary fuel: Natural Gas",FALSE
direct,"Electricity Generation (Imports), Specified Imports, Idaho, Big Sky Dairy Digester (ID), Electricity generation, Primary fuel: Biomass",FALSE
direct,"Electricity Generation (Imports), Specified Imports, Idaho, Clearwater Paper Corp. - Lewiston (ID), Electricity generation, Primary fuel: Biomass",FALSE
direct,"Electricity Generation (Imports), Specified Imports, Idaho, Evander Andrews Power Complex (ID), Electricity generation, Primary fuel: Natural Gas",FALSE
direct,"Electricity Generation (Imports), Specified Imports, Idaho, Kettle Butte Dairy Biofactory [Digester Gas] (ID), Electricity generation, Digester gas",FALSE
direct,"Electricity Generation (Imports), Specified Imports, Idaho, Lancaster (ID), Electricity generation, Primary fuel: Natural Gas",FALSE
direct,"Electricity Generation (Imports), Specified Imports, Idaho, Langley Gulch Power Plant (ID), Electricity generation, Primary fuel: Natural Gas",FALSE
direct,"Electricity Generation (Imports), Specified Imports, Idaho, Rathdrum (ID), Electricity generation, Primary fuel: Natural Gas",FALSE
direct,"Electricity Generation (Imports), Specified Imports, Idaho, Rock Creek Dairy (New Energy One) (ID), Electricity generation, Primary Fuel: Digester Gas",FALSE
direct,"Electricity Generation (Imports), Specified Imports, Mexico, La Rosita Power Project (MEX), Electricity generation, Primary fuel: Natural Gas",FALSE
direct,"Electricity Generation (Imports), Specified Imports, Mexico, Termoelectrica de Mexicali (MEX), Electricity generation, Primary fuel: Natural Gas",FALSE
direct,"Electricity Generation (Imports), Specified Imports, Montana, Centennial Hardin (MT), Electricity generation, Primary fuel: Coal",FALSE
direct,"Electricity Generation (Imports), Specified Imports, Montana, Colstrip (MT), Electricity generation, Primary fuel: Coal",FALSE
direct,"Electricity Generation (Imports), Specified Imports, Multi-Jurisdictional, PacifiCorp (MJRP), Electricity generation, Primary fuel: Coal",FALSE
direct,"Electricity Generation (Imports), Specified Imports, Nebraska, Whelan Energy Center (NE), Electricity generation, Primary fuel: Coal",FALSE
direct,"Electricity Generation (Imports), Specified Imports, Nevada, Apex Generating Station (NV), Electricity generation, Primary fuel: Natural Gas",FALSE
direct,"Electricity Generation (Imports), Specified Imports, Nevada, Chuck Lenzie Station (NV), Electricity generation, Primary fuel: Natural Gas",FALSE
direct,"Electricity Generation (Imports), Specified Imports, Nevada, Clark Station (NV), Electricity generation, Primary fuel: Natural Gas",FALSE
direct,"Electricity Generation (Imports), Specified Imports, Nevada, Desert Star Energy Center (fka Eldorado Energy) (NV), Electricity generation, Primary fuel: Natural Gas",FALSE
direct,"Electricity Generation (Imports), Specified Imports, Nevada, Fort Churchill Station (NV), Electricity generation, Primary fuel: Natural Gas",FALSE
direct,"Electricity Generation (Imports), Specified Imports, Nevada, Frank Tracy Station (NV), Electricity generation, Primary fuel: Natural Gas",FALSE
direct,"Electricity Generation (Imports), Specified Imports, Nevada, Harry Allen Station (NV), Electricity generation, Primary fuel: Natural Gas",FALSE
direct,"Electricity Generation (Imports), Specified Imports, Nevada, Higgins Generating Station (NV), Electricity generation, Primary fuel: Natural Gas",FALSE
direct,"Electricity Generation (Imports), Specified Imports, Nevada, Las Vegas Generating Station (NV), Electricity generation, Primary fuel: Natural Gas",FALSE
direct,"Electricity Generation (Imports), Specified Imports, Nevada, Mohave (NV), Electricity generation, Primary fuel: Coal",FALSE
direct,"Electricity Generation (Imports), Specified Imports, Nevada, Reid Gardner Station (NV), Electricity generation, Primary fuel: Coal",FALSE
direct,"Electricity Generation (Imports), Specified Imports, Nevada, Silverhawk Station (NV), Electricity generation, Primary fuel: Natural Gas",FALSE
direct,"Electricity Generation (Imports), Specified Imports, Nevada, Steamboat Hills Geothermal (NV), Electricity generation, Primarily Geothermal",FALSE
direct,"Electricity Generation (Imports), Specified Imports, Nevada, Sun Peak Generating Station (NV), Electricity generation, Primary fuel: Natural Gas",FALSE
direct,"Electricity Generation (Imports), Specified Imports, Nevada, Terra-Gen Dixie Valley (NV), Electricity generation, Primarily Geothermal",FALSE
direct,"Electricity Generation (Imports), Specified Imports, Nevada, TS Power Plant (NV), Electricity generation, Primary fuel: Coal",FALSE
direct,"Electricity Generation (Imports), Specified Imports, New Mexico, Afton Generating Station (NM), Electricity generation, Primary fuel: Natural Gas",FALSE
direct,"Electricity Generation (Imports), Specified Imports, New Mexico, Four Corners Power Plant (NM), Electricity generation, Primary fuel: Coal",FALSE
direct,"Electricity Generation (Imports), Specified Imports, New Mexico, La Luz Generating Station (NM), Electricity generation, Primary fuel: Natural Gas",FALSE
direct,"Electricity Generation (Imports), Specified Imports, New Mexico, Lordsburg Generating Station (NM), Electricity generation, Primary fuel: Natural Gas",FALSE
direct,"Electricity Generation (Imports), Specified Imports, New Mexico, Luna Energy Facility (NM), Electricity generation, Primary fuel: Natural Gas",FALSE
direct,"Electricity Generation (Imports), Specified Imports, New Mexico, Reeves Generating Station (NM), Electricity generation, Primary fuel: Natural Gas",FALSE
direct,"Electricity Generation (Imports), Specified Imports, New Mexico, Rio Bravo Generating Station (NM), Electricity generation, Primary fuel: Natural Gas",FALSE
direct,"Electricity Generation (Imports), Specified Imports, New Mexico, San Juan (NM), Electricity generation, Primary fuel: Coal",FALSE
direct,"Electricity Generation (Imports), Specified Imports, New Mexico, Valencia Energy Center (NM), Electricity generation, Primary fuel: Natural Gas",FALSE
direct,"Electricity Generation (Imports), Specified Imports, Oregon, Beaver (OR), Electricity generation, Primary fuel: Natural Gas",FALSE
direct,"Electricity Generation (Imports), Specified Imports, Oregon, Boardman Power Plant (OR), Electricity generation, Primary fuel: Coal",FALSE
direct,"Electricity Generation (Imports), Specified Imports, Oregon, Carty Generating Station (OR), Electricity generation, Primary fuel: Natural Gas",FALSE
direct,"Electricity Generation (Imports), Specified Imports, Oregon, Coyote Springs I (OR), Electricity generation, Primary fuel: Natural Gas",FALSE
direct,"Electricity Generation (Imports), Specified Imports, Oregon, Coyote Springs II (OR), Electricity generation, Primary fuel: Natural Gas",FALSE
direct,"Electricity Generation (Imports), Specified Imports, Oregon, Hermiston (OR), Electricity generation, Primary fuel: Natural Gas",FALSE
direct,"Electricity Generation (Imports), Specified Imports, Oregon, Hermiston Power (OR), Electricity generation, Primary fuel: Natural Gas",FALSE
direct,"Electricity Generation (Imports), Specified Imports, Oregon, Klamath Expansion Project (OR), Electricity generation, Primary fuel: Natural Gas",FALSE
direct,"Electricity Generation (Imports), Specified Imports, Oregon, Klamath Falls Cogen (OR), Electricity generation, Primary fuel: Natural Gas",FALSE
direct,"Electricity Generation (Imports), Specified Imports, Oregon, Port Westward 1 (OR), Electricity generation, Primary fuel: Natural Gas",FALSE
direct,"Electricity Generation (Imports), Specified Imports, Oregon, Port Westward 2 (OR), Electricity generation, Primary fuel: Natural Gas",FALSE
direct,"Electricity Generation (Imports), Specified Imports, Oregon, Seneca Sustainability Energy (OR), Electricity generation, Primary fuel: Biomass",FALSE
direct,"Electricity Generation (Imports), Specified Imports, Pacific Northwest, Bonneville Power Administration (PNW), Electricity generation, Primarily Hydropower",FALSE
direct,"Electricity Generation (Imports), Specified Imports, Pacific Northwest, Powerex (PNW), Electricity generation, Primarily Hydropower",FALSE
direct,"Electricity Generation (Imports), Specified Imports, Pacific Northwest, Tacoma Power (PNW), Electricity generation, Primarily Hydropower",FALSE
direct,"Electricity Generation (Imports), Specified Imports, Utah, Blundell (UT), Electricity generation, Primarily Geothermal",FALSE
direct,"Electricity Generation (Imports), Specified Imports, Utah, Bonanza Power Plant (UT), Electricity generation, Primary fuel: Coal",FALSE
direct,"Electricity Generation (Imports), Specified Imports, Utah, Currant Creek (UT), Electricity generation, Primary fuel: Natural Gas",FALSE
direct,"Electricity Generation (Imports), Specified Imports, Utah, Gadsby (UT), Electricity generation, Primary fuel: Natural Gas",FALSE
direct,"Electricity Generation (Imports), Specified Imports, Utah, Hunter (UT), Electricity generation, Primary fuel: Coal",FALSE
direct,"Electricity Generation (Imports), Specified Imports, Utah, Huntington (UT), Electricity generation, Primary fuel: Coal",FALSE
direct,"Electricity Generation (Imports), Specified Imports, Utah, Intermountain Power Project (IPP) (UT), Electricity generation, Primary fuel: Coal",FALSE
direct,"Electricity Generation (Imports), Specified Imports, Utah, Lake Side (UT), Electricity generation, Primary fuel: Natural Gas",FALSE
direct,"Electricity Generation (Imports), Specified Imports, Utah, Nebo Power Station (UT), Electricity generation, Primary fuel: Natural Gas",FALSE
direct,"Electricity Generation (Imports), Specified Imports, Utah, Trans-Jordan Generating Station (Landfill Gas) (UT), Electricity generation, Primary fuel: Biomass",FALSE
direct,"Electricity Generation (Imports), Specified Imports, Utah, West Valley Generation Project (UT), Electricity generation, Primary fuel: Natural Gas",FALSE
direct,"Electricity Generation (Imports), Specified Imports, Washington, Boulder Park (WA), Electricity generation, Primary fuel: Natural Gas",FALSE
direct,"Electricity Generation (Imports), Specified Imports, Washington, Chehalis (WA), Electricity generation, Primary fuel: Natural Gas",FALSE
direct,"Electricity Generation (Imports), Specified Imports, Washington, Encogen Generating Station (WA), Electricity generation, Primary fuel: Natural Gas",FALSE
direct,"Electricity Generation (Imports), Specified Imports, Washington, Ferndale Generating Station (WA), Electricity generation, Primary fuel: Natural Gas",FALSE
direct,"Electricity Generation (Imports), Specified Imports, Washington, Frederickson PSE (WA), Electricity generation, Primary fuel: Natural Gas",FALSE
direct,"Electricity Generation (Imports), Specified Imports, Washington, Fredonia Generating Station (WA), Electricity generation, Primary fuel: Natural Gas",FALSE
direct,"Electricity Generation (Imports), Specified Imports, Washington, Goldendale Generating Station (WA), Electricity generation, Primary fuel: Natural Gas",FALSE
direct,"Electricity Generation (Imports), Specified Imports, Washington, Grays Harbor Energy (WA), Electricity generation, Primary fuel: Natural Gas",FALSE
direct,"Electricity Generation (Imports), Specified Imports, Washington, HW Hill Landfill Gas (aka Roosevelt Biogas 1) (WA), Electricity generation, Primary fuel: Biomass",FALSE
direct,"Electricity Generation (Imports), Specified Imports, Washington, Kettle Falls Woodwaste Plant (WA), Electricity generation, Primary fuel: Biomass",FALSE
direct,"Electricity Generation (Imports), Specified Imports, Washington, Longview Washington Pulp & Paper Mill (WA), Electricity generation, Primary fuel: Biomass",FALSE
direct,"Electricity Generation (Imports), Specified Imports, Washington, McKinley Paper - Washington Mill (WA), Electricity generation, Primary fuel: Biomass",FALSE
direct,"Electricity Generation (Imports), Specified Imports, Washington, Mint Farm Generation Station (WA), Electricity generation, Primary fuel: Natural Gas",FALSE
direct,"Electricity Generation (Imports), Specified Imports, Washington, Nippon Paper Cogen (WA), Electricity generation, Primary fuel: Biomass",FALSE
direct,"Electricity Generation (Imports), Specified Imports, Washington, River Road Generating Plant (Clark County PUD) (WA), Electricity generation, Primary fuel: Natural Gas",FALSE
direct,"Electricity Generation (Imports), Specified Imports, Washington, Sierra Pacific Burlington (WA), Electricity generation, Primary fuel: Biomass",FALSE
direct,"Electricity Generation (Imports), Specified Imports, Washington, Sumas Power Plant (WA), Electricity generation, Primary fuel: Natural Gas",FALSE
direct,"Electricity Generation (Imports), Specified Imports, Washington, Transalta Centralia Generation (WA), Electricity generation, Primary fuel: Coal",FALSE
direct,"Electricity Generation (Imports), Specified Imports, Washington, WestRock - Tacoma (fka Simpson Biomass) (WA), Electricity generation, Primary fuel: Biomass",FALSE
direct,"Electricity Generation (Imports), Specified Imports, Washington, Weyerhaeuser Longview (WA), Electricity generation, Primary fuel: Biomass",FALSE
direct,"Electricity Generation (Imports), Specified Imports, Wyoming, Dave Johnston (WY), Electricity generation, Primary fuel: Coal",FALSE
direct,"Electricity Generation (Imports), Specified Imports, Wyoming, Jim Bridger Total Plant (WY), Electricity generation, Primary fuel: Coal",FALSE
direct,"Electricity Generation (Imports), Specified Imports, Wyoming, Laramie River Station (WY), Electricity generation, Primary fuel: Coal",FALSE
direct,"Electricity Generation (Imports), Specified Imports, Wyoming, Naughton (WY), Electricity generation, Primary fuel: Coal",FALSE
direct,"Electricity Generation (Imports), Specified Imports, Wyoming, Wyodak (WY), Electricity generation, Primary fuel: Coal",FALSE
direct,"Electricity Generation (Imports), Transmission and Distribution, Not Specified, NA, Electricity transmitted, NA",TRUE
direct,"Electricity Generation (Imports), Unspecified Imports, CAISO EIM Outstanding Emissions, NA, Electricity generation, Unspecified sources",FALSE
direct,"Electricity Generation (Imports), Unspecified Imports, Other, NA, Electricity generation, Unspecified sources",FALSE
direct,"Electricity Generation (In State), CHP: Commercial, Not Specified, NA, Acid gas control, NA_611310",FALSE
direct,"Electricity Generation (In State), CHP: Commercial, Not Specified, NA, Acid gas control, NA_622110",FALSE
direct,"Electricity Generation (In State), CHP: Commercial, Not Specified, NA, Acid gas control, NA_922140",FALSE
direct,"Electricity Generation (In State), CHP: Commercial, Not Specified, NA, Acid gas control, NA_541990",FALSE
direct,"Electricity Generation (In State), CHP: Commercial, Not Specified, NA, Acid gas control, NA_928110",FALSE
direct,"Electricity Generation (In State), CHP: Commercial, Not Specified, NA, Acid gas control, NA_488119",FALSE
direct,"Electricity Generation (In State), CHP: Commercial, Not Specified, NA, Acid gas control, NA_622310",FALSE
direct,"Electricity Generation (In State), CHP: Commercial, Not Specified, NA, Acid gas control, NA_921190",FALSE
direct,"Electricity Generation (In State), CHP: Commercial, Not Specified, NA, Fuel combustion, Biodiesel_611310",FALSE
direct,"Electricity Generation (In State), CHP: Commercial, Not Specified, NA, Fuel combustion, Biodiesel_622110",FALSE
direct,"Electricity Generation (In State), CHP: Commercial, Not Specified, NA, Fuel combustion, Biodiesel_922140",FALSE
direct,"Electricity Generation (In State), CHP: Commercial, Not Specified, NA, Fuel combustion, Biodiesel_541990",FALSE
direct,"Electricity Generation (In State), CHP: Commercial, Not Specified, NA, Fuel combustion, Biodiesel_928110",FALSE
direct,"Electricity Generation (In State), CHP: Commercial, Not Specified, NA, Fuel combustion, Biodiesel_488119",FALSE
direct,"Electricity Generation (In State), CHP: Commercial, Not Specified, NA, Fuel combustion, Biodiesel_622310",FALSE
direct,"Electricity Generation (In State), CHP: Commercial, Not Specified, NA, Fuel combustion, Biodiesel_921190",FALSE
direct,"Electricity Generation (In State), CHP: Commercial, Not Specified, NA, Fuel combustion, Biomethane_611310",FALSE
direct,"Electricity Generation (In State), CHP: Commercial, Not Specified, NA, Fuel combustion, Biomethane_622110",FALSE
direct,"Electricity Generation (In State), CHP: Commercial, Not Specified, NA, Fuel combustion, Biomethane_922140",FALSE
direct,"Electricity Generation (In State), CHP: Commercial, Not Specified, NA, Fuel combustion, Biomethane_541990",FALSE
direct,"Electricity Generation (In State), CHP: Commercial, Not Specified, NA, Fuel combustion, Biomethane_928110",FALSE
direct,"Electricity Generation (In State), CHP: Commercial, Not Specified, NA, Fuel combustion, Biomethane_488119",FALSE
direct,"Electricity Generation (In State), CHP: Commercial, Not Specified, NA, Fuel combustion, Biomethane_622310",FALSE
direct,"Electricity Generation (In State), CHP: Commercial, Not Specified, NA, Fuel combustion, Biomethane_921190",FALSE
direct,"Electricity Generation (In State), CHP: Commercial, Not Specified, NA, Fuel combustion, Crude oil_611310",FALSE
direct,"Electricity Generation (In State), CHP: Commercial, Not Specified, NA, Fuel combustion, Crude oil_622110",FALSE
direct,"Electricity Generation (In State), CHP: Commercial, Not Specified, NA, Fuel combustion, Crude oil_922140",FALSE
direct,"Electricity Generation (In State), CHP: Commercial, Not Specified, NA, Fuel combustion, Crude oil_541990",FALSE
direct,"Electricity Generation (In State), CHP: Commercial, Not Specified, NA, Fuel combustion, Crude oil_928110",FALSE
direct,"Electricity Generation (In State), CHP: Commercial, Not Specified, NA, Fuel combustion, Crude oil_488119",FALSE
direct,"Electricity Generation (In State), CHP: Commercial, Not Specified, NA, Fuel combustion, Crude oil_622310",FALSE
direct,"Electricity Generation (In State), CHP: Commercial, Not Specified, NA, Fuel combustion, Crude oil_921190",FALSE
direct,"Electricity Generation (In State), CHP: Commercial, Not Specified, NA, Fuel combustion, Digester gas_611310",FALSE
direct,"Electricity Generation (In State), CHP: Commercial, Not Specified, NA, Fuel combustion, Digester gas_622110",FALSE
direct,"Electricity Generation (In State), CHP: Commercial, Not Specified, NA, Fuel combustion, Digester gas_922140",FALSE
direct,"Electricity Generation (In State), CHP: Commercial, Not Specified, NA, Fuel combustion, Digester gas_541990",FALSE
direct,"Electricity Generation (In State), CHP: Commercial, Not Specified, NA, Fuel combustion, Digester gas_928110",FALSE
direct,"Electricity Generation (In State), CHP: Commercial, Not Specified, NA, Fuel combustion, Digester gas_488119",FALSE
direct,"Electricity Generation (In State), CHP: Commercial, Not Specified, NA, Fuel combustion, Digester gas_622310",FALSE
direct,"Electricity Generation (In State), CHP: Commercial, Not Specified, NA, Fuel combustion, Digester gas_921190",FALSE
direct,"Electricity Generation (In State), CHP: Commercial, Not Specified, NA, Fuel combustion, Distillate_611310",FALSE
direct,"Electricity Generation (In State), CHP: Commercial, Not Specified, NA, Fuel combustion, Distillate_622110",FALSE
direct,"Electricity Generation (In State), CHP: Commercial, Not Specified, NA, Fuel combustion, Distillate_922140",FALSE
direct,"Electricity Generation (In State), CHP: Commercial, Not Specified, NA, Fuel combustion, Distillate_541990",FALSE
direct,"Electricity Generation (In State), CHP: Commercial, Not Specified, NA, Fuel combustion, Distillate_928110",FALSE
direct,"Electricity Generation (In State), CHP: Commercial, Not Specified, NA, Fuel combustion, Distillate_488119",FALSE
direct,"Electricity Generation (In State), CHP: Commercial, Not Specified, NA, Fuel combustion, Distillate_622310",FALSE
direct,"Electricity Generation (In State), CHP: Commercial, Not Specified, NA, Fuel combustion, Distillate_921190",FALSE
direct,"Electricity Generation (In State), CHP: Commercial, Not Specified, NA, Fuel combustion, Jet fuel_611310",FALSE
direct,"Electricity Generation (In State), CHP: Commercial, Not Specified, NA, Fuel combustion, Jet fuel_622110",FALSE
direct,"Electricity Generation (In State), CHP: Commercial, Not Specified, NA, Fuel combustion, Jet fuel_922140",FALSE
direct,"Electricity Generation (In State), CHP: Commercial, Not Specified, NA, Fuel combustion, Jet fuel_541990",FALSE
direct,"Electricity Generation (In State), CHP: Commercial, Not Specified, NA, Fuel combustion, Jet fuel_928110",FALSE
direct,"Electricity Generation (In State), CHP: Commercial, Not Specified, NA, Fuel combustion, Jet fuel_488119",FALSE
direct,"Electricity Generation (In State), CHP: Commercial, Not Specified, NA, Fuel combustion, Jet fuel_622310",FALSE
direct,"Electricity Generation (In State), CHP: Commercial, Not Specified, NA, Fuel combustion, Jet fuel_921190",FALSE
direct,"Electricity Generation (In State), CHP: Commercial, Not Specified, NA, Fuel combustion, Kerosene_611310",FALSE
direct,"Electricity Generation (In State), CHP: Commercial, Not Specified, NA, Fuel combustion, Kerosene_622110",FALSE
direct,"Electricity Generation (In State), CHP: Commercial, Not Specified, NA, Fuel combustion, Kerosene_922140",FALSE
direct,"Electricity Generation (In State), CHP: Commercial, Not Specified, NA, Fuel combustion, Kerosene_541990",FALSE
direct,"Electricity Generation (In State), CHP: Commercial, Not Specified, NA, Fuel combustion, Kerosene_928110",FALSE
direct,"Electricity Generation (In State), CHP: Commercial, Not Specified, NA, Fuel combustion, Kerosene_488119",FALSE
direct,"Electricity Generation (In State), CHP: Commercial, Not Specified, NA, Fuel combustion, Kerosene_622310",FALSE
direct,"Electricity Generation (In State), CHP: Commercial, Not Specified, NA, Fuel combustion, Kerosene_921190",FALSE
direct,"Electricity Generation (In State), CHP: Commercial, Not Specified, NA, Fuel combustion, Landfill gas_611310",FALSE
direct,"Electricity Generation (In State), CHP: Commercial, Not Specified, NA, Fuel combustion, Landfill gas_622110",FALSE
direct,"Electricity Generation (In State), CHP: Commercial, Not Specified, NA, Fuel combustion, Landfill gas_922140",FALSE
direct,"Electricity Generation (In State), CHP: Commercial, Not Specified, NA, Fuel combustion, Landfill gas_541990",FALSE
direct,"Electricity Generation (In State), CHP: Commercial, Not Specified, NA, Fuel combustion, Landfill gas_928110",FALSE
direct,"Electricity Generation (In State), CHP: Commercial, Not Specified, NA, Fuel combustion, Landfill gas_488119",FALSE
direct,"Electricity Generation (In State), CHP: Commercial, Not Specified, NA, Fuel combustion, Landfill gas_622310",FALSE
direct,"Electricity Generation (In State), CHP: Commercial, Not Specified, NA, Fuel combustion, Landfill gas_921190",FALSE
direct,"Electricity Generation (In State), CHP: Commercial, Not Specified, NA, Fuel combustion, Natural gas_611310",FALSE
direct,"Electricity Generation (In State), CHP: Commercial, Not Specified, NA, Fuel combustion, Natural gas_622110",FALSE
direct,"Electricity Generation (In State), CHP: Commercial, Not Specified, NA, Fuel combustion, Natural gas_922140",FALSE
direct,"Electricity Generation (In State), CHP: Commercial, Not Specified, NA, Fuel combustion, Natural gas_541990",FALSE
direct,"Electricity Generation (In State), CHP: Commercial, Not Specified, NA, Fuel combustion, Natural gas_928110",FALSE
direct,"Electricity Generation (In State), CHP: Commercial, Not Specified, NA, Fuel combustion, Natural gas_488119",FALSE
direct,"Electricity Generation (In State), CHP: Commercial, Not Specified, NA, Fuel combustion, Natural gas_622310",FALSE
direct,"Electricity Generation (In State), CHP: Commercial, Not Specified, NA, Fuel combustion, Natural gas_921190",FALSE
direct,"Electricity Generation (In State), CHP: Commercial, Not Specified, NA, Fuel combustion, Propane_611310",FALSE
direct,"Electricity Generation (In State), CHP: Commercial, Not Specified, NA, Fuel combustion, Propane_622110",FALSE
direct,"Electricity Generation (In State), CHP: Commercial, Not Specified, NA, Fuel combustion, Propane_922140",FALSE
direct,"Electricity Generation (In State), CHP: Commercial, Not Specified, NA, Fuel combustion, Propane_541990",FALSE
direct,"Electricity Generation (In State), CHP: Commercial, Not Specified, NA, Fuel combustion, Propane_928110",FALSE
direct,"Electricity Generation (In State), CHP: Commercial, Not Specified, NA, Fuel combustion, Propane_488119",FALSE
direct,"Electricity Generation (In State), CHP: Commercial, Not Specified, NA, Fuel combustion, Propane_622310",FALSE
direct,"Electricity Generation (In State), CHP: Commercial, Not Specified, NA, Fuel combustion, Propane_921190",FALSE
direct,"Electricity Generation (In State), CHP: Commercial, Not Specified, NA, Fuel combustion, Renewable Diesel_611310",FALSE
direct,"Electricity Generation (In State), CHP: Commercial, Not Specified, NA, Fuel combustion, Renewable Diesel_622110",FALSE
direct,"Electricity Generation (In State), CHP: Commercial, Not Specified, NA, Fuel combustion, Renewable Diesel_922140",FALSE
direct,"Electricity Generation (In State), CHP: Commercial, Not Specified, NA, Fuel combustion, Renewable Diesel_541990",FALSE
direct,"Electricity Generation (In State), CHP: Commercial, Not Specified, NA, Fuel combustion, Renewable Diesel_928110",FALSE
direct,"Electricity Generation (In State), CHP: Commercial, Not Specified, NA, Fuel combustion, Renewable Diesel_488119",FALSE
direct,"Electricity Generation (In State), CHP: Commercial, Not Specified, NA, Fuel combustion, Renewable Diesel_622310",FALSE
direct,"Electricity Generation (In State), CHP: Commercial, Not Specified, NA, Fuel combustion, Renewable Diesel_921190",FALSE
direct,"Electricity Generation (In State), CHP: Industrial, Not Specified, NA, Acid gas control, NA",TRUE
direct,"Electricity Generation (In State), CHP: Industrial, Not Specified, NA, Fuel combustion, Associated gas_211111",FALSE
direct,"Electricity Generation (In State), CHP: Industrial, Not Specified, NA, Fuel combustion, Associated gas_211112",FALSE
direct,"Electricity Generation (In State), CHP: Industrial, Not Specified, NA, Fuel combustion, Biodiesel",FALSE
direct,"Electricity Generation (In State), CHP: Industrial, Not Specified, NA, Fuel combustion, Biomass",FALSE
direct,"Electricity Generation (In State), CHP: Industrial, Not Specified, NA, Fuel combustion, Biomethane",FALSE
direct,"Electricity Generation (In State), CHP: Industrial, Not Specified, NA, Fuel combustion, Coal_212391",FALSE
direct,"Electricity Generation (In State), CHP: Industrial, Not Specified, NA, Fuel combustion, Coal_221112",FALSE
direct,"Electricity Generation (In State), CHP: Industrial, Not Specified, NA, Fuel combustion, Crude oil",FALSE
direct,"Electricity Generation (In State), CHP: Industrial, Not Specified, NA, Fuel combustion, Digester gas",FALSE
direct,"Electricity Generation (In State), CHP: Industrial, Not Specified, NA, Fuel combustion, Distillate",FALSE
direct,"Electricity Generation (In State), CHP: Industrial, Not Specified, NA, Fuel combustion, Kerosene",FALSE
direct,"Electricity Generation (In State), CHP: Industrial, Not Specified, NA, Fuel combustion, Landfill gas",FALSE
direct,"Electricity Generation (In State), CHP: Industrial, Not Specified, NA, Fuel combustion, MSW",FALSE
direct,"Electricity Generation (In State), CHP: Industrial, Not Specified, NA, Fuel combustion, Natural gas_221112",FALSE
direct,"Electricity Generation (In State), CHP: Industrial, Not Specified, NA, Fuel combustion, Natural gas_324110",FALSE
direct,"Electricity Generation (In State), CHP: Industrial, Not Specified, NA, Fuel combustion, Natural gas_211111",FALSE
direct,"Electricity Generation (In State), CHP: Industrial, Not Specified, NA, Fuel combustion, Natural gas_322130",FALSE
direct,"Electricity Generation (In State), CHP: Industrial, Not Specified, NA, Fuel combustion, Natural gas_322121",FALSE
direct,"Electricity Generation (In State), CHP: Industrial, Not Specified, NA, Fuel combustion, Natural gas_311421",FALSE
direct,"Electricity Generation (In State), CHP: Industrial, Not Specified, NA, Fuel combustion, Natural gas_212391",FALSE
direct,"Electricity Generation (In State), CHP: Industrial, Not Specified, NA, Fuel combustion, Petroleum coke_324199",FALSE
direct,"Electricity Generation (In State), CHP: Industrial, Not Specified, NA, Fuel combustion, Petroleum coke_221112",FALSE
direct,"Electricity Generation (In State), CHP: Industrial, Not Specified, NA, Fuel combustion, Propane",FALSE
direct,"Electricity Generation (In State), CHP: Industrial, Not Specified, NA, Fuel combustion, Refinery gas",FALSE
direct,"Electricity Generation (In State), CHP: Industrial, Not Specified, NA, Fuel combustion, Renewable Diesel",FALSE
direct,"Electricity Generation (In State), CHP: Industrial, Not Specified, NA, Fuel combustion, Residual fuel oil",FALSE
direct,"Electricity Generation (In State), CHP: Industrial, Not Specified, NA, Fuel combustion, Tires",FALSE
direct,"Electricity Generation (In State), CHP: Industrial, Not Specified, NA, Fuel combustion, Waste oil",FALSE
direct,"Electricity Generation (In State), CHP: Industrial, Not Specified, NA, Fuel storage, Coal",FALSE
direct,"Electricity Generation (In State), Merchant Owned, Not Specified, NA, Acid gas control, NA",TRUE
direct,"Electricity Generation (In State), Merchant Owned, Not Specified, NA, Fuel combustion, Associated gas",FALSE
direct,"Electricity Generation (In State), Merchant Owned, Not Specified, NA, Fuel combustion, Biodiesel",FALSE
direct,"Electricity Generation (In State), Merchant Owned, Not Specified, NA, Fuel combustion, Biomass",FALSE
direct,"Electricity Generation (In State), Merchant Owned, Not Specified, NA, Fuel combustion, Biomethane",FALSE
direct,"Electricity Generation (In State), Merchant Owned, Not Specified, NA, Fuel combustion, Crude oil",FALSE
direct,"Electricity Generation (In State), Merchant Owned, Not Specified, NA, Fuel combustion, Digester gas",FALSE
direct,"Electricity Generation (In State), Merchant Owned, Not Specified, NA, Fuel combustion, Distillate",FALSE
direct,"Electricity Generation (In State), Merchant Owned, Not Specified, NA, Fuel combustion, Jet fuel",FALSE
direct,"Electricity Generation (In State), Merchant Owned, Not Specified, NA, Fuel combustion, Kerosene",FALSE
direct,"Electricity Generation (In State), Merchant Owned, Not Specified, NA, Fuel combustion, Landfill gas",FALSE
direct,"Electricity Generation (In State), Merchant Owned, Not Specified, NA, Fuel combustion, MSW",FALSE
direct,"Electricity Generation (In State), Merchant Owned, Not Specified, NA, Fuel combustion, Natural gas",FALSE
direct,"Electricity Generation (In State), Merchant Owned, Not Specified, NA, Fuel combustion, Petroleum coke",FALSE
direct,"Electricity Generation (In State), Merchant Owned, Not Specified, NA, Fuel combustion, Propane",FALSE
direct,"Electricity Generation (In State), Merchant Owned, Not Specified, NA, Fuel combustion, Refinery gas",FALSE
direct,"Electricity Generation (In State), Merchant Owned, Not Specified, NA, Fuel combustion, Renewable Diesel",FALSE
direct,"Electricity Generation (In State), Merchant Owned, Not Specified, NA, Fuel combustion, Residual fuel oil",FALSE
direct,"Electricity Generation (In State), Merchant Owned, Not Specified, NA, Fuel combustion, Waste oil",FALSE
direct,"Electricity Generation (In State), Merchant Owned, Not Specified, NA, Geothermal power, Geothermal",FALSE
direct,"Electricity Generation (In State), Transmission and Distribution, Not Specified, NA, Electricity transmitted, NA",TRUE
direct,"Electricity Generation (In State), Utility Owned, Not Specified, NA, Acid gas control, NA",TRUE
direct,"Electricity Generation (In State), Utility Owned, Not Specified, NA, Fuel combustion, Biodiesel",FALSE
direct,"Electricity Generation (In State), Utility Owned, Not Specified, NA, Fuel combustion, Biomass",FALSE
direct,"Electricity Generation (In State), Utility Owned, Not Specified, NA, Fuel combustion, Biomethane",FALSE
direct,"Electricity Generation (In State), Utility Owned, Not Specified, NA, Fuel combustion, Digester gas",FALSE
direct,"Electricity Generation (In State), Utility Owned, Not Specified, NA, Fuel combustion, Distillate",FALSE
direct,"Electricity Generation (In State), Utility Owned, Not Specified, NA, Fuel combustion, Landfill gas",FALSE
direct,"Electricity Generation (In State), Utility Owned, Not Specified, NA, Fuel combustion, Natural gas",FALSE
direct,"Electricity Generation (In State), Utility Owned, Not Specified, NA, Fuel combustion, Propane",FALSE
direct,"Electricity Generation (In State), Utility Owned, Not Specified, NA, Fuel combustion, Refinery gas",FALSE
direct,"Electricity Generation (In State), Utility Owned, Not Specified, NA, Fuel combustion, Renewable Diesel",FALSE
direct,"Electricity Generation (In State), Utility Owned, Not Specified, NA, Fuel combustion, Residual fuel oil",FALSE
direct,"Electricity Generation (In State), Utility Owned, Not Specified, NA, Geothermal power, Geothermal",FALSE
industrial_gas,"Industrial, CHP: Industrial, Useful Thermal Output, NA, Fuel combustion, Associated gas_211111",FALSE
industrial_gas,"Industrial, CHP: Industrial, Useful Thermal Output, NA, Fuel combustion, Associated gas_211112",FALSE
industrial_petroleum,"Industrial, CHP: Industrial, Useful Thermal Output, NA, Fuel combustion, Biodiesel_32",FALSE
industrial_petroleum,"Industrial, CHP: Industrial, Useful Thermal Output, NA, Fuel combustion, Biodiesel_21",FALSE
industrial_petroleum,"Industrial, CHP: Industrial, Useful Thermal Output, NA, Fuel combustion, Biodiesel_22",FALSE
industrial_petroleum,"Industrial, CHP: Industrial, Useful Thermal Output, NA, Fuel combustion, Biodiesel_61",FALSE
industrial_petroleum,"Industrial, CHP: Industrial, Useful Thermal Output, NA, Fuel combustion, Biodiesel_31",FALSE
industrial_wood,"Industrial, CHP: Industrial, Useful Thermal Output, NA, Fuel combustion, Biomass_32",FALSE
industrial_wood,"Industrial, CHP: Industrial, Useful Thermal Output, NA, Fuel combustion, Biomass_21",FALSE
industrial_wood,"Industrial, CHP: Industrial, Useful Thermal Output, NA, Fuel combustion, Biomass_22",FALSE
industrial_wood,"Industrial, CHP: Industrial, Useful Thermal Output, NA, Fuel combustion, Biomass_61",FALSE
industrial_wood,"Industrial, CHP: Industrial, Useful Thermal Output, NA, Fuel combustion, Biomass_31",FALSE
industrial_gas,"Industrial, CHP: Industrial, Useful Thermal Output, NA, Fuel combustion, Biomethane_32",FALSE
industrial_gas,"Industrial, CHP: Industrial, Useful Thermal Output, NA, Fuel combustion, Biomethane_21",FALSE
industrial_gas,"Industrial, CHP: Industrial, Useful Thermal Output, NA, Fuel combustion, Biomethane_22",FALSE
industrial_gas,"Industrial, CHP: Industrial, Useful Thermal Output, NA, Fuel combustion, Biomethane_61",FALSE
industrial_gas,"Industrial, CHP: Industrial, Useful Thermal Output, NA, Fuel combustion, Biomethane_31",FALSE
industrial_coal,"Industrial, CHP: Industrial, Useful Thermal Output, NA, Fuel combustion, Coal_212391",FALSE
industrial_coal,"Industrial, CHP: Industrial, Useful Thermal Output, NA, Fuel combustion, Coal_221112",FALSE
industrial_petroleum,"Industrial, CHP: Industrial, Useful Thermal Output, NA, Fuel combustion, Crude oil_32",FALSE
industrial_petroleum,"Industrial, CHP: Industrial, Useful Thermal Output, NA, Fuel combustion, Crude oil_21",FALSE
industrial_petroleum,"Industrial, CHP: Industrial, Useful Thermal Output, NA, Fuel combustion, Crude oil_22",FALSE
industrial_petroleum,"Industrial, CHP: Industrial, Useful Thermal Output, NA, Fuel combustion, Crude oil_61",FALSE
industrial_petroleum,"Industrial, CHP: Industrial, Useful Thermal Output, NA, Fuel combustion, Crude oil_31",FALSE
industrial_gas,"Industrial, CHP: Industrial, Useful Thermal Output, NA, Fuel combustion, Digester gas_32",FALSE
industrial_gas,"Industrial, CHP: Industrial, Useful Thermal Output, NA, Fuel combustion, Digester gas_21",FALSE
industrial_gas,"Industrial, CHP: Industrial, Useful Thermal Output, NA, Fuel combustion, Digester gas_22",FALSE
industrial_gas,"Industrial, CHP: Industrial, Useful Thermal Output, NA, Fuel combustion, Digester gas_61",FALSE
industrial_gas,"Industrial, CHP: Industrial, Useful Thermal Output, NA, Fuel combustion, Digester gas_31",FALSE
industrial_petroleum,"Industrial, CHP: Industrial, Useful Thermal Output, NA, Fuel combustion, Distillate_32",FALSE
industrial_petroleum,"Industrial, CHP: Industrial, Useful Thermal Output, NA, Fuel combustion, Distillate_21",FALSE
industrial_petroleum,"Industrial, CHP: Industrial, Useful Thermal Output, NA, Fuel combustion, Distillate_22",FALSE
industrial_petroleum,"Industrial, CHP: Industrial, Useful Thermal Output, NA, Fuel combustion, Distillate_61",FALSE
industrial_petroleum,"Industrial, CHP: Industrial, Useful Thermal Output, NA, Fuel combustion, Distillate_31",FALSE
industrial_petroleum,"Industrial, CHP: Industrial, Useful Thermal Output, NA, Fuel combustion, Kerosene_32",FALSE
industrial_petroleum,"Industrial, CHP: Industrial, Useful Thermal Output, NA, Fuel combustion, Kerosene_21",FALSE
industrial_petroleum,"Industrial, CHP: Industrial, Useful Thermal Output, NA, Fuel combustion, Kerosene_22",FALSE
industrial_petroleum,"Industrial, CHP: Industrial, Useful Thermal Output, NA, Fuel combustion, Kerosene_61",FALSE
industrial_petroleum,"Industrial, CHP: Industrial, Useful Thermal Output, NA, Fuel combustion, Kerosene_31",FALSE
industrial_gas,"Industrial, CHP: Industrial, Useful Thermal Output, NA, Fuel combustion, Landfill gas_32",FALSE
industrial_gas,"Industrial, CHP: Industrial, Useful Thermal Output, NA, Fuel combustion, Landfill gas_21",FALSE
industrial_gas,"Industrial, CHP: Industrial, Useful Thermal Output, NA, Fuel combustion, Landfill gas_22",FALSE
industrial_gas,"Industrial, CHP: Industrial, Useful Thermal Output, NA, Fuel combustion, Landfill gas_61",FALSE
industrial_gas,"Industrial, CHP: Industrial, Useful Thermal Output, NA, Fuel combustion, Landfill gas_31",FALSE
industrial_other,"Industrial, CHP: Industrial, Useful Thermal Output, NA, Fuel combustion, MSW_32",FALSE
industrial_other,"Industrial, CHP: Industrial, Useful Thermal Output, NA, Fuel combustion, MSW_21",FALSE
industrial_other,"Industrial, CHP: Industrial, Useful Thermal Output, NA, Fuel combustion, MSW_22",FALSE
industrial_other,"Industrial, CHP: Industrial, Useful Thermal Output, NA, Fuel combustion, MSW_61",FALSE
industrial_other,"Industrial, CHP: Industrial, Useful Thermal Output, NA, Fuel combustion, MSW_31",FALSE
industrial_gas,"Industrial, CHP: Industrial, Useful Thermal Output, NA, Fuel combustion, Natural gas_324110",FALSE
industrial_gas,"Industrial, CHP: Industrial, Useful Thermal Output, NA, Fuel combustion, Natural gas_221112",FALSE
industrial_gas,"Industrial, CHP: Industrial, Useful Thermal Output, NA, Fuel combustion, Natural gas_211111",FALSE
industrial_gas,"Industrial, CHP: Industrial, Useful Thermal Output, NA, Fuel combustion, Natural gas_322121",FALSE
industrial_gas,"Industrial, CHP: Industrial, Useful Thermal Output, NA, Fuel combustion, Natural gas_322130",FALSE
industrial_gas,"Industrial, CHP: Industrial, Useful Thermal Output, NA, Fuel combustion, Natural gas_212391",FALSE
industrial_petroleum,"Industrial, CHP: Industrial, Useful Thermal Output, NA, Fuel combustion, Petroleum coke_32",FALSE
industrial_petroleum,"Industrial, CHP: Industrial, Useful Thermal Output, NA, Fuel combustion, Petroleum coke_21",FALSE
industrial_petroleum,"Industrial, CHP: Industrial, Useful Thermal Output, NA, Fuel combustion, Petroleum coke_22",FALSE
industrial_petroleum,"Industrial, CHP: Industrial, Useful Thermal Output, NA, Fuel combustion, Petroleum coke_61",FALSE
industrial_petroleum,"Industrial, CHP: Industrial, Useful Thermal Output, NA, Fuel combustion, Petroleum coke_31",FALSE
industrial_gas,"Industrial, CHP: Industrial, Useful Thermal Output, NA, Fuel combustion, Propane_32",FALSE
industrial_gas,"Industrial, CHP: Industrial, Useful Thermal Output, NA, Fuel combustion, Propane_21",FALSE
industrial_gas,"Industrial, CHP: Industrial, Useful Thermal Output, NA, Fuel combustion, Propane_22",FALSE
industrial_gas,"Industrial, CHP: Industrial, Useful Thermal Output, NA, Fuel combustion, Propane_61",FALSE
industrial_gas,"Industrial, CHP: Industrial, Useful Thermal Output, NA, Fuel combustion, Propane_31",FALSE
industrial_gas,"Industrial, CHP: Industrial, Useful Thermal Output, NA, Fuel combustion, Refinery gas",FALSE
industrial_petroleum,"Industrial, CHP: Industrial, Useful Thermal Output, NA, Fuel combustion, Renewable Diesel_32",FALSE
industrial_petroleum,"Industrial, CHP: Industrial, Useful Thermal Output, NA, Fuel combustion, Renewable Diesel_21",FALSE
industrial_petroleum,"Industrial, CHP: Industrial, Useful Thermal Output, NA, Fuel combustion, Renewable Diesel_22",FALSE
industrial_petroleum,"Industrial, CHP: Industrial, Useful Thermal Output, NA, Fuel combustion, Renewable Diesel_61",FALSE
industrial_petroleum,"Industrial, CHP: Industrial, Useful Thermal Output, NA, Fuel combustion, Renewable Diesel_31",FALSE
industrial_petroleum,"Industrial, CHP: Industrial, Useful Thermal Output, NA, Fuel combustion, Residual fuel oil_32",FALSE
industrial_petroleum,"Industrial, CHP: Industrial, Useful Thermal Output, NA, Fuel combustion, Residual fuel oil_21",FALSE
industrial_petroleum,"Industrial, CHP: Industrial, Useful Thermal Output, NA, Fuel combustion, Residual fuel oil_22",FALSE
industrial_petroleum,"Industrial, CHP: Industrial, Useful Thermal Output, NA, Fuel combustion, Residual fuel oil_61",FALSE
industrial_petroleum,"Industrial, CHP: Industrial, Useful Thermal Output, NA, Fuel combustion, Residual fuel oil_31",FALSE
industrial_other,"Industrial, CHP: Industrial, Useful Thermal Output, NA, Fuel combustion, Tires_32",FALSE
industrial_other,"Industrial, CHP: Industrial, Useful Thermal Output, NA, Fuel combustion, Tires_21",FALSE
industrial_other,"Industrial, CHP: Industrial, Useful Thermal Output, NA, Fuel combustion, Tires_22",FALSE
industrial_other,"Industrial, CHP: Industrial, Useful Thermal Output, NA, Fuel combustion, Tires_61",FALSE
industrial_other,"Industrial, CHP: Industrial, Useful Thermal Output, NA, Fuel combustion, Tires_31",FALSE
industrial_petroleum,"Industrial, CHP: Industrial, Useful Thermal Output, NA, Fuel combustion, Waste oil_32",FALSE
industrial_petroleum,"Industrial, CHP: Industrial, Useful Thermal Output, NA, Fuel combustion, Waste oil_21",FALSE
industrial_petroleum,"Industrial, CHP: Industrial, Useful Thermal Output, NA, Fuel combustion, Waste oil_22",FALSE
industrial_petroleum,"Industrial, CHP: Industrial, Useful Thermal Output, NA, Fuel combustion, Waste oil_61",FALSE
industrial_petroleum,"Industrial, CHP: Industrial, Useful Thermal Output, NA, Fuel combustion, Waste oil_31",FALSE
industrial_coal,"Industrial, CHP: Industrial, Useful Thermal Output, NA, Fuel storage, Coal_32",FALSE
industrial_coal,"Industrial, CHP: Industrial, Useful Thermal Output, NA, Fuel storage, Coal_21",FALSE
industrial_coal,"Industrial, CHP: Industrial, Useful Thermal Output, NA, Fuel storage, Coal_22",FALSE
industrial_coal,"Industrial, CHP: Industrial, Useful Thermal Output, NA, Fuel storage, Coal_61",FALSE
industrial_coal,"Industrial, CHP: Industrial, Useful Thermal Output, NA, Fuel storage, Coal_31",FALSE
industrial_gas,"Industrial, Landfills, Not Specified, NA, Landfill gas generation, Landfill gas",FALSE
industrial_other,"Industrial, Manufacturing, Chemicals & Allied Products, Nitric Acid, Nitric acid production, NA",TRUE
industrial_other,"Industrial, Manufacturing, Construction, Fugitives, Fugitive emissions, NA",TRUE
industrial_petroleum,"Industrial, Manufacturing, Construction, NA, Fuel combustion, Ethanol",FALSE
industrial_petroleum,"Industrial, Manufacturing, Construction, NA, Fuel combustion, Gasoline",FALSE
industrial_gas,"Industrial, Manufacturing, Construction, NA, Fuel combustion, Natural gas",FALSE
industrial_other,"Industrial, Manufacturing, Electric & Electronic Equip., Fugitives, Fugitive emissions, NA",TRUE
industrial_gas,"Industrial, Manufacturing, Electric & Electronic Equip., NA, Fuel combustion, Natural gas",FALSE
industrial_other,"Industrial, Manufacturing, Electric & Electronic Equip., Semiconductors & Related Products, Semiconductor manufacture, NA",TRUE
industrial_gas,"Industrial, Manufacturing, Food Products, Food Processing, Fuel combustion, Natural gas",FALSE
industrial_other,"Industrial, Manufacturing, Food Products, Fugitives, Fugitive emissions, NA",TRUE
industrial_gas,"Industrial, Manufacturing, Food Products, NA, Fuel combustion, Natural gas_3118",FALSE
industrial_gas,"Industrial, Manufacturing, Food Products, NA, Fuel combustion, Natural gas_3121",FALSE
industrial_gas,"Industrial, Manufacturing, Food Products, NA, Fuel combustion, Natural gas_3119",FALSE
industrial_gas,"Industrial, Manufacturing, Food Products, NA, Fuel combustion, Natural gas_311000",FALSE
industrial_gas,"Industrial, Manufacturing, Food Products, Sugar & Confections, Fuel combustion, Natural gas",FALSE
industrial_gas,"Industrial, Manufacturing, Metal Durables, Computers & Office Machines, Fuel combustion, Natural gas_3344",FALSE
industrial_gas,"Industrial, Manufacturing, Metal Durables, Computers & Office Machines, Fuel combustion, Natural gas_3341",FALSE
industrial_gas,"Industrial, Manufacturing, Metal Durables, Computers & Office Machines, Fuel combustion, Natural gas_334000",FALSE
industrial_gas,"Industrial, Manufacturing, Metal Durables, Computers & Office Machines, Fuel combustion, Natural gas_33461",FALSE
industrial_gas,"Industrial, Manufacturing, Metal Durables, Fabricated Metal Products, Fuel combustion, Natural gas",FALSE
industrial_gas,"Industrial, Manufacturing, Metal Durables, Industrial Machinery & Equip., Fuel combustion, Natural gas_333",FALSE
industrial_gas,"Industrial, Manufacturing, Metal Durables, Industrial Machinery & Equip., Fuel combustion, Natural gas_335",FALSE
industrial_other,"Industrial, Manufacturing, Not Specified, Fugitives, Fugitive emissions, NA",TRUE
industrial_other,"Industrial, Manufacturing, Not Specified, NA, Acid gas control, NA",TRUE
industrial_petroleum,"Industrial, Manufacturing, Not Specified, NA, Fuel combustion, Biodiesel",FALSE
industrial_coal,"Industrial, Manufacturing, Not Specified, NA, Fuel combustion, Coal",FALSE
industrial_petroleum,"Industrial, Manufacturing, Not Specified, NA, Fuel combustion, Distillate",FALSE
industrial_petroleum,"Industrial, Manufacturing, Not Specified, NA, Fuel combustion, Ethanol",FALSE
industrial_petroleum,"Industrial, Manufacturing, Not Specified, NA, Fuel combustion, Gasoline",FALSE
industrial_petroleum,"Industrial, Manufacturing, Not Specified, NA, Fuel combustion, Kerosene",FALSE
industrial_petroleum,"Industrial, Manufacturing, Not Specified, NA, Fuel combustion, LPG",FALSE
industrial_gas,"Industrial, Manufacturing, Not Specified, NA, Fuel combustion, Natural gas_999999",FALSE
industrial_gas,"Industrial, Manufacturing, Not Specified, NA, Fuel combustion, Natural gas_999900",FALSE
industrial_gas,"Industrial, Manufacturing, Not Specified, NA, Fuel combustion, Natural gas_3399",FALSE
industrial_gas,"Industrial, Manufacturing, Not Specified, NA, Fuel combustion, Natural gas_3391",FALSE
industrial_gas,"Industrial, Manufacturing, Not Specified, NA, Fuel combustion, Natural gas_339000",FALSE
industrial_petroleum,"Industrial, Manufacturing, Not Specified, NA, Fuel combustion, Petroleum coke",FALSE
industrial_petroleum,"Industrial, Manufacturing, Not Specified, NA, Fuel combustion, Renewable Diesel",FALSE
industrial_petroleum,"Industrial, Manufacturing, Not Specified, NA, Fuel combustion, Residual fuel oil",FALSE
industrial_coal,"Industrial, Manufacturing, Not Specified, NA, Fuel storage, Coal",FALSE
industrial_other,"Industrial, Manufacturing, Plastics & Rubber, Fugitives, Fugitive emissions, NA",TRUE
industrial_gas,"Industrial, Manufacturing, Plastics & Rubber, NA, Fuel combustion, Natural gas",FALSE
industrial_gas,"Industrial, Manufacturing, Plastics & Rubber, Plastics, Fuel combustion, Natural gas",FALSE
industrial_other,"Industrial, Manufacturing, Primary Metals, Fugitives, Fugitive emissions, NA",TRUE
industrial_other,"Industrial, Manufacturing, Primary Metals, Lead Smelting, Process emissions, NA",TRUE
industrial_gas,"Industrial, Manufacturing, Primary Metals, NA, Fuel combustion, Natural gas_331",FALSE
industrial_gas,"Industrial, Manufacturing, Primary Metals, NA, Fuel combustion, Natural gas_332",FALSE
industrial_gas,"Industrial, Manufacturing, Primary Metals, NA, Fuel combustion, Natural gas_330000",FALSE
industrial_gas,"Industrial, Manufacturing, Printing & Publishing, NA, Fuel combustion, Natural gas_3231",FALSE
industrial_gas,"Industrial, Manufacturing, Printing & Publishing, NA, Fuel combustion, Natural gas_5112",FALSE
industrial_gas,"Industrial, Manufacturing, Printing & Publishing, NA, Fuel combustion, Natural gas_5111",FALSE
industrial_gas,"Industrial, Manufacturing, Printing & Publishing, NA, Fuel combustion, Natural gas_511000",FALSE
industrial_other,"Industrial, Manufacturing, Pulp & Paper, Fugitives, Fugitive emissions, NA",TRUE
industrial_gas,"Industrial, Manufacturing, Pulp & Paper, NA, Fuel combustion, Natural gas",FALSE
industrial_other,"Industrial, Manufacturing, Stone, Clay, Glass & Cement, Cement, Clinker production, NA",FALSE
industrial_petroleum,"Industrial, Manufacturing, Stone, Clay, Glass & Cement, Cement, Fuel combustion, Biodiesel",FALSE
industrial_other,"Industrial, Manufacturing, Stone, Clay, Glass & Cement, Cement, Fuel combustion, Biomass waste fuel",FALSE
industrial_coal,"Industrial, Manufacturing, Stone, Clay, Glass & Cement, Cement, Fuel combustion, Coal",FALSE
industrial_petroleum,"Industrial, Manufacturing, Stone, Clay, Glass & Cement, Cement, Fuel combustion, Distillate",FALSE
industrial_petroleum,"Industrial, Manufacturing, Stone, Clay, Glass & Cement, Cement, Fuel combustion, LPG",FALSE
industrial_other,"Industrial, Manufacturing, Stone, Clay, Glass & Cement, Cement, Fuel combustion, MSW",FALSE
industrial_gas,"Industrial, Manufacturing, Stone, Clay, Glass & Cement, Cement, Fuel combustion, Natural gas",FALSE
industrial_petroleum,"Industrial, Manufacturing, Stone, Clay, Glass & Cement, Cement, Fuel combustion, Petroleum coke",FALSE
industrial_petroleum,"Industrial, Manufacturing, Stone, Clay, Glass & Cement, Cement, Fuel combustion, Renewable Diesel",FALSE
industrial_petroleum,"Industrial, Manufacturing, Stone, Clay, Glass & Cement, Cement, Fuel combustion, Residual fuel oil",FALSE
industrial_other,"Industrial, Manufacturing, Stone, Clay, Glass & Cement, Cement, Fuel combustion, Tires",FALSE
industrial_coal,"Industrial, Manufacturing, Stone, Clay, Glass & Cement, Cement, Fuel storage, Coal",FALSE
industrial_gas,"Industrial, Manufacturing, Stone, Clay, Glass & Cement, Flat Glass, Fuel combustion, Natural gas_327211",FALSE
industrial_gas,"Industrial, Manufacturing, Stone, Clay, Glass & Cement, Flat Glass, Fuel combustion, Natural gas_327212",FALSE
industrial_gas,"Industrial, Manufacturing, Stone, Clay, Glass & Cement, Glass Containers, Fuel combustion, Natural gas_327213",FALSE
industrial_gas,"Industrial, Manufacturing, Stone, Clay, Glass & Cement, Glass Containers, Fuel combustion, Natural gas_327215",FALSE
industrial_other,"Industrial, Manufacturing, Stone, Clay, Glass & Cement, Lime, Lime production, NA",TRUE
industrial_gas,"Industrial, Manufacturing, Stone, Clay, Glass & Cement, NA, Fuel combustion, Natural gas",FALSE
industrial_other,"Industrial, Manufacturing, Storage Tanks, Fugitives, Fugitive emissions, NA",TRUE
industrial_gas,"Industrial, Manufacturing, Textiles, Apparel, Fuel combustion, Natural gas_3152",FALSE
industrial_gas,"Industrial, Manufacturing, Textiles, Apparel, Fuel combustion, Natural gas_3159",FALSE
industrial_gas,"Industrial, Manufacturing, Textiles, Apparel, Fuel combustion, Natural gas_3151",FALSE
industrial_gas,"Industrial, Manufacturing, Textiles, Apparel, Fuel combustion, Natural gas_315000",FALSE
industrial_gas,"Industrial, Manufacturing, Textiles, Leather, Fuel combustion, Natural gas",FALSE
industrial_gas,"Industrial, Manufacturing, Textiles, Textile Mills, Fuel combustion, Natural gas_313",FALSE
industrial_gas,"Industrial, Manufacturing, Textiles, Textile Mills, Fuel combustion, Natural gas_314",FALSE
industrial_gas,"Industrial, Manufacturing, Tobacco, NA, Fuel combustion, Natural gas",FALSE
industrial_gas,"Industrial, Manufacturing, Transportation Equip., NA, Fuel combustion, Natural gas",FALSE
industrial_other,"Industrial, Manufacturing, Wastewater Treatment, Fugitives, Fugitive emissions, NA",TRUE
industrial_gas,"Industrial, Manufacturing, Wood & Furniture, Furniture & Fixtures, Fuel combustion, Natural gas",FALSE
industrial_gas,"Industrial, Manufacturing, Wood & Furniture, Lumber & Wood Products, Fuel combustion, Natural gas",FALSE
industrial_gas,"Industrial, Mining, Coal, NA, Fuel combustion, Natural gas_212112",FALSE
industrial_gas,"Industrial, Mining, Coal, NA, Fuel combustion, Natural gas_212111",FALSE
industrial_gas,"Industrial, Mining, Metals, NA, Fuel combustion, Natural gas_21229",FALSE
industrial_gas,"Industrial, Mining, Metals, NA, Fuel combustion, Natural gas_212210",FALSE
industrial_gas,"Industrial, Mining, Non Metals, NA, Fuel combustion, Natural gas",FALSE
industrial_other,"Industrial, Not Specified, Not Specified, Fugitives, Fugitive emissions, NA",TRUE
industrial_other,"Industrial, Not Specified, Not Specified, NA, CO2 consumption, NA",TRUE
industrial_petroleum,"Industrial, Not Specified, Not Specified, NA, Fuel combustion, Other petroleum products",FALSE
industrial_wood,"Industrial, Not Specified, Not Specified, NA, Fuel combustion, Wood (wet)",FALSE
industrial_other,"Industrial, Not Specified, Not Specified, NA, Fuel consumption, Lubricants",FALSE
industrial_other,"Industrial, Not Specified, Not Specified, NA, Limestone and dolomite consumption, NA_11",FALSE
industrial_other,"Industrial, Not Specified, Not Specified, NA, Limestone and dolomite consumption, NA_23",FALSE
industrial_other,"Industrial, Not Specified, Not Specified, NA, Limestone and dolomite consumption, NA_32",FALSE
industrial_other,"Industrial, Not Specified, Not Specified, NA, Soda ash consumption, NA_11",FALSE
industrial_other,"Industrial, Not Specified, Not Specified, NA, Soda ash consumption, NA_23",FALSE
industrial_other,"Industrial, Not Specified, Not Specified, NA, Soda ash consumption, NA_32",FALSE
industrial_other,"Industrial, Not Specified, Not Specified, NA, Use of substitutes for ozone depleting substances, Aerosols",FALSE
industrial_other,"Industrial, Not Specified, Not Specified, NA, Use of substitutes for ozone depleting substances, Fire Protection",FALSE
industrial_other,"Industrial, Not Specified, Not Specified, NA, Use of substitutes for ozone depleting substances, Foams",FALSE
industrial_other,"Industrial, Not Specified, Not Specified, NA, Use of substitutes for ozone depleting substances, Refrigeration and Air Conditioning",FALSE
industrial_other,"Industrial, Not Specified, Not Specified, NA, Use of substitutes for ozone depleting substances, Solvents",FALSE
mobile_combustion,"Industrial, Off Road, Airport Ground Support Equipment, NA, Fuel combustion, Biodiesel",FALSE
mobile_combustion,"Industrial, Off Road, Airport Ground Support Equipment, NA, Fuel combustion, Distillate",FALSE
mobile_combustion,"Industrial, Off Road, Airport Ground Support Equipment, NA, Fuel combustion, Renewable Diesel",FALSE
mobile_combustion,"Industrial, Off Road, Construction and Mining Equipment, NA, Fuel combustion, Biodiesel_21",FALSE
mobile_combustion,"Industrial, Off Road, Construction and Mining Equipment, NA, Fuel combustion, Biodiesel_23",FALSE
mobile_combustion,"Industrial, Off Road, Construction and Mining Equipment, NA, Fuel combustion, Distillate_21",FALSE
mobile_combustion,"Industrial, Off Road, Construction and Mining Equipment, NA, Fuel combustion, Distillate_23",FALSE
mobile_combustion,"Industrial, Off Road, Construction and Mining Equipment, NA, Fuel combustion, Renewable Diesel_21",FALSE
mobile_combustion,"Industrial, Off Road, Construction and Mining Equipment, NA, Fuel combustion, Renewable Diesel_23",FALSE
mobile_combustion,"Industrial, Off Road, Industrial Equipment, NA, Fuel combustion, Biodiesel",FALSE
mobile_combustion,"Industrial, Off Road, Industrial Equipment, NA, Fuel combustion, Distillate",FALSE
mobile_combustion,"Industrial, Off Road, Industrial Equipment, NA, Fuel combustion, Renewable Diesel",FALSE
mobile_combustion,"Industrial, Off Road, Oil Drilling Equipment, NA, Fuel combustion, Biodiesel",FALSE
mobile_combustion,"Industrial, Off Road, Oil Drilling Equipment, NA, Fuel combustion, Distillate",FALSE
mobile_combustion,"Industrial, Off Road, Oil Drilling Equipment, NA, Fuel combustion, Renewable Diesel",FALSE
industrial_gas,"Industrial, Oil & Gas: Production & Processing, Not Specified, NA, Fuel combustion, Associated gas",FALSE
industrial_petroleum,"Industrial, Oil & Gas: Production & Processing, Not Specified, NA, Fuel combustion, Biodiesel",FALSE
industrial_petroleum,"Industrial, Oil & Gas: Production & Processing, Not Specified, NA, Fuel combustion, Distillate",FALSE
industrial_gas,"Industrial, Oil & Gas: Production & Processing, Not Specified, NA, Fuel combustion, Natural gas_2111",FALSE
industrial_gas,"Industrial, Oil & Gas: Production & Processing, Not Specified, NA, Fuel combustion, Natural gas_2131",FALSE
industrial_petroleum,"Industrial, Oil & Gas: Production & Processing, Not Specified, NA, Fuel combustion, Renewable Diesel",FALSE
industrial_petroleum,"Industrial, Oil & Gas: Production & Processing, Not Specified, NA, Fuel combustion, Residual fuel oil",FALSE
industrial_other,"Industrial, Oil & Gas: Production & Processing, Processing, Fugitives, Fugitive emissions, NA",TRUE
industrial_other,"Industrial, Oil & Gas: Production & Processing, Production, Fugitives, Fugitive emissions, NA",TRUE
industrial_other,"Industrial, Oil & Gas: Production & Processing, Storage, Fugitives, Fugitive emissions, NA",TRUE
industrial_other,"Industrial, Oil & Gas: Production & Processing, Wastewater Treatment, Fugitives, Fugitive emissions, NA",TRUE
industrial_other,"Industrial, Petroleum Marketing, Process Losses, Fugitives, Fugitive emissions, NA",TRUE
industrial_other,"Industrial, Petroleum Marketing, Storage Tanks, Fugitives, Fugitive emissions, NA",TRUE
industrial_other,"Industrial, Petroleum Marketing, Wastewater Treatment, Fugitives, Fugitive emissions, NA",TRUE
industrial_other,"Industrial, Petroleum Refining and Hydrogen Production, Not Specified, NA, Acid gas control, NA",TRUE
industrial_other,"Industrial, Petroleum Refining and Hydrogen Production, Not Specified, NA, Flaring, NA",TRUE
industrial_gas,"Industrial, Petroleum Refining and Hydrogen Production, Not Specified, NA, Fuel combustion, Associated gas",FALSE
industrial_petroleum,"Industrial, Petroleum Refining and Hydrogen Production, Not Specified, NA, Fuel combustion, Biodiesel",FALSE
industrial_petroleum,"Industrial, Petroleum Refining and Hydrogen Production, Not Specified, NA, Fuel combustion, Catalyst coke",FALSE
industrial_gas,"Industrial, Petroleum Refining and Hydrogen Production, Not Specified, NA, Fuel combustion, Digester gas",FALSE
industrial_petroleum,"Industrial, Petroleum Refining and Hydrogen Production, Not Specified, NA, Fuel combustion, Distillate",FALSE
industrial_petroleum,"Industrial, Petroleum Refining and Hydrogen Production, Not Specified, NA, Fuel combustion, Ethanol",FALSE
industrial_petroleum,"Industrial, Petroleum Refining and Hydrogen Production, Not Specified, NA, Fuel combustion, Gasoline",FALSE
industrial_petroleum,"Industrial, Petroleum Refining and Hydrogen Production, Not Specified, NA, Fuel combustion, LPG",FALSE
industrial_gas,"Industrial, Petroleum Refining and Hydrogen Production, Not Specified, NA, Fuel combustion, Natural gas",FALSE
industrial_petroleum,"Industrial, Petroleum Refining and Hydrogen Production, Not Specified, NA, Fuel combustion, Petroleum coke",FALSE
industrial_petroleum,"Industrial, Petroleum Refining and Hydrogen Production, Not Specified, NA, Fuel combustion, Process gas",FALSE
industrial_petroleum,"Industrial, Petroleum Refining and Hydrogen Production, Not Specified, NA, Fuel combustion, Refinery gas",FALSE
industrial_petroleum,"Industrial, Petroleum Refining and Hydrogen Production, Not Specified, NA, Fuel combustion, Renewable Diesel",FALSE
industrial_petroleum,"Industrial, Petroleum Refining and Hydrogen Production, Not Specified, NA, Fuel combustion, Residual fuel oil",FALSE
industrial_other,"Industrial, Petroleum Refining and Hydrogen Production, Not Specified, NA, Process emissions, NA",TRUE
industrial_other,"Industrial, Petroleum Refining and Hydrogen Production, Process Losses, Fugitives, Fugitive emissions, NA",TRUE
industrial_other,"Industrial, Petroleum Refining and Hydrogen Production, Storage Tanks, Fugitives, Fugitive emissions, NA",TRUE
industrial_gas,"Industrial, Petroleum Refining and Hydrogen Production, Transformation, NA, Fuel consumption, Natural gas",FALSE
industrial_petroleum,"Industrial, Petroleum Refining and Hydrogen Production, Transformation, NA, Fuel consumption, Petroleum feedstocks",FALSE
industrial_petroleum,"Industrial, Petroleum Refining and Hydrogen Production, Transformation, NA, Fuel consumption, Refinery gas",FALSE
industrial_other,"Industrial, Solid Waste Treatment, Composting, NA, Feedstock processed, NA",TRUE
industrial_other,"Industrial, Solvents & Chemicals, Evaporative losses, Fugitives, Fugitive emissions, NA",TRUE
industrial_other,"Industrial, Transmission and Distribution, Natural Gas Pipelines, Fugitives, Fugitive emissions, NA",TRUE
industrial_gas,"Industrial, Transmission and Distribution, Natural Gas Pipelines, NA, Fuel combustion, Natural gas",FALSE
industrial_gas,"Industrial, Transmission and Distribution, Non Natural Gas Pipelines, NA, Fuel combustion, Natural gas",FALSE
industrial_gas,"Industrial, Wastewater Treatment, Domestic Wastewater, Anaerobic Digesters, Biogas production, NA",TRUE
industrial_other,"Industrial, Wastewater Treatment, Domestic Wastewater, Centralized Anaerobic, California population, NA",TRUE
industrial_other,"Industrial, Wastewater Treatment, Domestic Wastewater, Effluent Emissions, California population, NA",TRUE
industrial_other,"Industrial, Wastewater Treatment, Domestic Wastewater, Plant Emissions, California population, NA",TRUE
industrial_other,"Industrial, Wastewater Treatment, Domestic Wastewater, Septic Systems, California population, NA",TRUE
industrial_other,"Industrial, Wastewater Treatment, Industrial Wastewater, NA, Production processed, Apples",FALSE
industrial_other,"Industrial, Wastewater Treatment, Industrial Wastewater, NA, Production processed, Citrus fruit",FALSE
industrial_other,"Industrial, Wastewater Treatment, Industrial Wastewater, NA, Production processed, Non-citrus fruit",FALSE
industrial_other,"Industrial, Wastewater Treatment, Industrial Wastewater, NA, Production processed, Other vegetables",FALSE
industrial_other,"Industrial, Wastewater Treatment, Industrial Wastewater, NA, Production processed, Potatoes",FALSE
industrial_other,"Industrial, Wastewater Treatment, Industrial Wastewater, NA, Production processed, Poultry",FALSE
industrial_other,"Industrial, Wastewater Treatment, Industrial Wastewater, NA, Production processed, Pulp and Paper",FALSE
industrial_other,"Industrial, Wastewater Treatment, Industrial Wastewater, NA, Production processed, Red meat",FALSE
industrial_other,"Industrial, Wastewater Treatment, Industrial Wastewater, NA, Production processed, Wine grapes",FALSE
industrial_other,"Industrial, Wastewater Treatment, Industrial Wastewater, NA, Wastewater flow, Petroleum Refining",FALSE
direct,"Residential, Household Use, Not Specified, NA, Fuel combustion, Biodiesel",FALSE
direct,"Residential, Household Use, Not Specified, NA, Fuel combustion, Coal",FALSE
direct,"Residential, Household Use, Not Specified, NA, Fuel combustion, Distillate",FALSE
direct,"Residential, Household Use, Not Specified, NA, Fuel combustion, Kerosene",FALSE
direct,"Residential, Household Use, Not Specified, NA, Fuel combustion, LPG",FALSE
direct,"Residential, Household Use, Not Specified, NA, Fuel combustion, Natural gas",FALSE
direct,"Residential, Household Use, Not Specified, NA, Fuel combustion, Renewable Diesel",FALSE
direct,"Residential, Household Use, Not Specified, NA, Fuel combustion, Wood (wet)",FALSE
direct,"Residential, Household Use, Not Specified, NA, Fuel storage, Coal",FALSE
direct,"Residential, Landscape, Fertilizer, Direct, Residential use of nitrogen fertilizer on turf, Synthetic fertilizers",FALSE
direct,"Residential, Landscape, Fertilizer, Indirect, Residential use of nitrogen fertilizer on turf, Synthetic fertilizers",FALSE
direct,"Residential, Not Specified, Not Specified, NA, Use of substitutes for ozone depleting substances, Aerosols",FALSE
direct,"Residential, Not Specified, Not Specified, NA, Use of substitutes for ozone depleting substances, Foams",FALSE
direct,"Residential, Not Specified, Not Specified, NA, Use of substitutes for ozone depleting substances, Refrigeration and Air Conditioning",FALSE
direct,"Residential, Transmission and Distribution, Natural Gas Pipelines, Fugitives, Fugitive emissions, NA",TRUE
mobile_combustion,"Transportation, Aviation, Domestic Air transport, Intrastate, Fuel combustion, Alternative Jet Fuel",FALSE
mobile_combustion,"Transportation, Aviation, Domestic Air transport, Intrastate, Fuel combustion, Jet fuel",FALSE
mobile_combustion,"Transportation, Aviation, Domestic Air transport, NA, Fuel combustion, Aviation gasoline",FALSE
mobile_combustion,"Transportation, Aviation, Not Specified, NA, Fuel combustion, Ethanol",FALSE
mobile_combustion,"Transportation, Aviation, Not Specified, NA, Fuel combustion, Gasoline",FALSE
transportation_petroleum,"Transportation, Not Specified, Not Specified, NA, Fuel combustion, Biodiesel",FALSE
transportation_petroleum,"Transportation, Not Specified, Not Specified, NA, Fuel combustion, Distillate",FALSE
transportation_petroleum,"Transportation, Not Specified, Not Specified, NA, Fuel combustion, LPG",FALSE
transportation_petroleum,"Transportation, Not Specified, Not Specified, NA, Fuel combustion, Renewable Diesel",FALSE
transportation_petroleum,"Transportation, Not Specified, Not Specified, NA, Fuel consumption, Lubricants",FALSE
transportation_other,"Transportation, Not Specified, Not Specified, NA, Use of substitutes for ozone depleting substances, Aerosols",FALSE
transportation_other,"Transportation, Not Specified, Not Specified, NA, Use of substitutes for ozone depleting substances, Refrigeration and Air Conditioning",FALSE
transportation_petroleum,"Transportation, On Road, Heavy-duty Vehicles, Buses, Fuel combustion, Biodiesel",FALSE
transportation_petroleum,"Transportation, On Road, Heavy-duty Vehicles, Buses, Fuel combustion, Distillate",FALSE
transportation_petroleum,"Transportation, On Road, Heavy-duty Vehicles, Buses, Fuel combustion, Ethanol",FALSE
transportation_petroleum,"Transportation, On Road, Heavy-duty Vehicles, Buses, Fuel combustion, Gasoline",FALSE
transportation_petroleum,"Transportation, On Road, Heavy-duty Vehicles, Buses, Fuel combustion, Renewable Diesel",FALSE
transportation_petroleum,"Transportation, On Road, Heavy-duty Vehicles, Heavy-duty Trucks, Fuel combustion, Biodiesel",FALSE
transportation_petroleum,"Transportation, On Road, Heavy-duty Vehicles, Heavy-duty Trucks, Fuel combustion, Distillate",FALSE
transportation_petroleum,"Transportation, On Road, Heavy-duty Vehicles, Heavy-duty Trucks, Fuel combustion, Ethanol",FALSE
transportation_petroleum,"Transportation, On Road, Heavy-duty Vehicles, Heavy-duty Trucks, Fuel combustion, Gasoline",FALSE
transportation_petroleum,"Transportation, On Road, Heavy-duty Vehicles, Heavy-duty Trucks, Fuel combustion, Renewable Diesel",FALSE
transportation_petroleum,"Transportation, On Road, Heavy-duty Vehicles, Motorhomes, Fuel combustion, Biodiesel",FALSE
transportation_petroleum,"Transportation, On Road, Heavy-duty Vehicles, Motorhomes, Fuel combustion, Distillate",FALSE
transportation_petroleum,"Transportation, On Road, Heavy-duty Vehicles, Motorhomes, Fuel combustion, Ethanol",FALSE
transportation_petroleum,"Transportation, On Road, Heavy-duty Vehicles, Motorhomes, Fuel combustion, Gasoline",FALSE
transportation_petroleum,"Transportation, On Road, Heavy-duty Vehicles, Motorhomes, Fuel combustion, Renewable Diesel",FALSE
transportation_petroleum,"Transportation, On Road, Light-duty Vehicles, Light-duty Trucks & SUVs, Fuel combustion, Biodiesel",FALSE
transportation_petroleum,"Transportation, On Road, Light-duty Vehicles, Light-duty Trucks & SUVs, Fuel combustion, Distillate",FALSE
transportation_petroleum,"Transportation, On Road, Light-duty Vehicles, Light-duty Trucks & SUVs, Fuel combustion, Ethanol",FALSE
transportation_petroleum,"Transportation, On Road, Light-duty Vehicles, Light-duty Trucks & SUVs, Fuel combustion, Gasoline",FALSE
transportation_petroleum,"Transportation, On Road, Light-duty Vehicles, Light-duty Trucks & SUVs, Fuel combustion, Renewable Diesel",FALSE
transportation_petroleum,"Transportation, On Road, Light-duty Vehicles, Motorcycles, Fuel combustion, Ethanol",FALSE
transportation_petroleum,"Transportation, On Road, Light-duty Vehicles, Motorcycles, Fuel combustion, Gasoline",FALSE
transportation_petroleum,"Transportation, On Road, Light-duty Vehicles, Passenger Cars, Fuel combustion, Biodiesel",FALSE
transportation_petroleum,"Transportation, On Road, Light-duty Vehicles, Passenger Cars, Fuel combustion, Distillate",FALSE
transportation_petroleum,"Transportation, On Road, Light-duty Vehicles, Passenger Cars, Fuel combustion, Ethanol",FALSE
transportation_petroleum,"Transportation, On Road, Light-duty Vehicles, Passenger Cars, Fuel combustion, Gasoline",FALSE
transportation_petroleum,"Transportation, On Road, Light-duty Vehicles, Passenger Cars, Fuel combustion, Renewable Diesel",FALSE
transportation_other,"Transportation, On Road, Not Specified, NA, Fuel combustion, Biomethane",FALSE
transportation_other,"Transportation, On Road, Not Specified, NA, Fuel combustion, Natural gas",FALSE
mobile_combustion,"Transportation, Rail, Not Specified, NA, Fuel combustion, Biodiesel",FALSE
mobile_combustion,"Transportation, Rail, Not Specified, NA, Fuel combustion, Distillate",FALSE
mobile_combustion,"Transportation, Rail, Not Specified, NA, Fuel combustion, Renewable Diesel",FALSE
mobile_combustion,"Transportation, Water-borne, International, Port activities, Fuel combustion, Distillate",FALSE
mobile_combustion,"Transportation, Water-borne, International, Port activities, Fuel combustion, Residual fuel oil",FALSE
mobile_combustion,"Transportation, Water-borne, International, Transit (CA waters), Fuel combustion, Distillate",FALSE
mobile_combustion,"Transportation, Water-borne, International, Transit (CA waters), Fuel combustion, Residual fuel oil",FALSE
mobile_combustion,"Transportation, Water-borne, Interstate, Port activities, Fuel combustion, Distillate",FALSE
mobile_combustion,"Transportation, Water-borne, Interstate, Port activities, Fuel combustion, Residual fuel oil",FALSE
mobile_combustion,"Transportation, Water-borne, Interstate, Transit (CA waters), Fuel combustion, Distillate",FALSE
mobile_combustion,"Transportation, Water-borne, Interstate, Transit (CA waters), Fuel combustion, Residual fuel oil",FALSE
mobile_combustion,"Transportation, Water-borne, Intrastate, Harbor craft, Fuel combustion, Biodiesel",FALSE
mobile_combustion,"Transportation, Water-borne, Intrastate, Harbor craft, Fuel combustion, Distillate",FALSE
mobile_combustion,"Transportation, Water-borne, Intrastate, Harbor craft, Fuel combustion, Renewable Diesel",FALSE
mobile_combustion,"Transportation, Water-borne, Intrastate, Port activities, Fuel combustion, Distillate",FALSE
mobile_combustion,"Transportation, Water-borne, Intrastate, Port activities, Fuel combustion, Residual fuel oil",FALSE
mobile_combustion,"Transportation, Water-borne, Intrastate, Transit (CA waters), Fuel combustion, Distillate",FALSE
mobile_combustion,"Transportation, Water-borne, Intrastate, Transit (CA waters), Fuel combustion, Residual fuel oil",FALSE
mobile_combustion,"Transportation, Water-borne, Not Specified, NA, Fuel combustion, Ethanol",FALSE
mobile_combustion,"Transportation, Water-borne, Not Specified, NA, Fuel combustion, Gasoline",FALSE
industrial_gas,"Commercial, Not Specified, Not Specified, NA, Fuel combustion, Natural gas_7",FALSE
industrial_petroleum,"Industrial, CHP: Industrial, Useful Thermal Output, NA, Fuel combustion, Biodiesel_2134",FALSE
industrial_petroleum,"Industrial, CHP: Industrial, Useful Thermal Output, NA, Fuel combustion, Biodiesel_3250",FALSE
direct,"Industrial, CHP: Industrial, Useful Thermal Output, NA, Fuel combustion, Biomass_2134",FALSE
direct,"Industrial, CHP: Industrial, Useful Thermal Output, NA, Fuel combustion, Biomass_3250",FALSE
industrial_gas,"Industrial, CHP: Industrial, Useful Thermal Output, NA, Fuel combustion, Biomethane_2134",FALSE
industrial_gas,"Industrial, CHP: Industrial, Useful Thermal Output, NA, Fuel combustion, Biomethane_3250",FALSE
industrial_gas,"Industrial, CHP: Industrial, Useful Thermal Output, NA, Fuel combustion, Digester gas_2134",FALSE
industrial_gas,"Industrial, CHP: Industrial, Useful Thermal Output, NA, Fuel combustion, Digester gas_3250",FALSE
industrial_petroleum,"Industrial, CHP: Industrial, Useful Thermal Output, NA, Fuel combustion, Distillate_2134",FALSE
industrial_petroleum,"Industrial, CHP: Industrial, Useful Thermal Output, NA, Fuel combustion, Distillate_3250",FALSE
industrial_gas,"Industrial, CHP: Industrial, Useful Thermal Output, NA, Fuel combustion, Propane_2134",FALSE
industrial_gas,"Industrial, CHP: Industrial, Useful Thermal Output, NA, Fuel combustion, Propane_3250",FALSE
industrial_petroleum,"Industrial, CHP: Industrial, Useful Thermal Output, NA, Fuel combustion, Renewable Diesel_2134",FALSE
industrial_petroleum,"Industrial, CHP: Industrial, Useful Thermal Output, NA, Fuel combustion, Renewable Diesel_3250",FALSE
industrial_coal,"Industrial, CHP: Industrial, Useful Thermal Output, NA, Fuel storage, Coal_2134",FALSE
industrial_coal,"Industrial, CHP: Industrial, Useful Thermal Output, NA, Fuel storage, Coal_3250",FALSE
